item_id,date,steps,sedentary,LPA,MPA,VPA,active
p01,2019-11-01,17873.0,636,245,58,72,4
p01,2019-11-02,13118.0,709,202,43,56,4
p01,2019-11-03,14312.0,648,262,63,45,4
p01,2019-11-04,10970.0,760,230,23,28,3
p01,2019-11-05,16186.0,737,263,22,56,4
p01,2019-11-06,8189.0,849,206,10,11,2
p01,2019-11-07,8710.0,866,182,11,15,2
p01,2019-11-08,12888.0,744,212,38,54,4
p01,2019-11-09,16450.0,653,305,31,60,4
p01,2019-11-10,17843.0,629,263,34,92,4
p01,2019-11-11,12519.0,811,220,13,40,4
p01,2019-11-12,10392.0,744,221,16,36,3
p01,2019-11-13,11185.0,825,197,24,33,3
p01,2019-11-14,19220.0,691,208,53,121,4
p01,2019-11-15,18259.0,660,265,45,85,4
p01,2019-11-16,15305.0,668,302,47,64,4
p01,2019-11-17,11916.0,752,248,28,35,3
p01,2019-11-18,8241.0,878,131,4,55,2
p01,2019-11-19,7134.0,903,145,6,25,1
p01,2019-11-20,10116.0,743,200,37,38,3
p01,2019-11-21,19747.0,680,197,55,137,4
p01,2019-11-22,10938.0,797,187,43,41,3
p01,2019-11-23,20704.0,639,226,44,121,4
p01,2019-11-24,16517.0,565,263,27,97,4
p01,2019-11-25,12481.0,767,251,19,36,3
p01,2019-11-26,16428.0,750,202,44,73,4
p01,2019-11-27,10556.0,769,218,18,25,3
p01,2019-11-28,17535.0,670,239,36,104,4
p01,2019-11-29,16209.0,709,255,55,60,4
p01,2019-11-30,10782.0,671,266,31,37,3
p01,2019-12-01,13736.0,630,295,33,54,4
p01,2019-12-02,12224.0,947,224,19,37,3
p01,2019-12-03,18142.0,725,221,23,91,4
p01,2019-12-04,11745.0,782,218,30,33,3
p01,2019-12-05,18234.0,682,262,44,99,4
p01,2019-12-06,10401.0,823,198,25,35,3
p01,2019-12-07,14898.0,533,363,24,48,4
p01,2019-12-08,15805.0,598,298,33,71,4
p01,2019-12-09,11223.0,725,290,27,16,3
p01,2019-12-10,7708.0,891,155,12,22,2
p01,2019-12-11,9855.0,720,175,32,40,2
p01,2019-12-12,10728.0,885,274,15,17,3
p01,2019-12-13,15910.0,691,301,23,56,4
p01,2019-12-14,15348.0,622,303,36,52,4
p01,2019-12-15,21362.0,513,357,61,108,4
p01,2019-12-16,10489.0,755,222,36,30,3
p01,2019-12-17,12437.0,786,235,24,46,3
p01,2019-12-18,14775.0,729,268,19,47,4
p01,2019-12-19,18894.0,684,298,40,74,4
p01,2019-12-20,13110.0,805,268,19,54,4
p01,2019-12-21,17760.0,656,227,36,106,4
p01,2019-12-22,18170.0,521,331,74,70,4
p01,2019-12-23,17227.0,536,326,19,81,4
p01,2019-12-24,13316.0,536,435,28,31,4
p01,2019-12-25,11804.0,625,256,53,26,3
p01,2019-12-26,16891.0,557,287,59,87,4
p01,2019-12-27,10161.0,630,301,25,24,3
p01,2019-12-28,12445.0,542,379,6,27,3
p01,2019-12-29,13699.0,582,277,42,67,4
p01,2019-12-30,10187.0,752,292,5,13,2
p01,2019-12-31,11490.0,659,343,13,19,3
p01,2020-01-01,11847.0,687,309,27,20,3
p01,2020-01-02,10346.0,636,196,11,37,3
p01,2020-01-03,17431.0,713,170,33,102,4
p01,2020-01-04,16170.0,598,210,19,93,4
p01,2020-01-05,11425.0,631,257,27,44,3
p01,2020-01-06,11322.0,827,196,25,43,3
p01,2020-01-07,17638.0,741,215,29,103,4
p01,2020-01-08,8149.0,853,146,14,38,2
p01,2020-01-09,13189.0,748,165,33,92,4
p01,2020-01-10,13733.0,782,171,33,70,4
p01,2020-01-11,13736.0,586,231,37,50,4
p01,2020-01-12,8820.0,742,181,20,34,2
p01,2020-01-13,8564.0,835,209,53,15,2
p01,2020-01-14,17723.0,713,208,38,85,4
p01,2020-01-15,14145.0,717,204,26,61,4
p01,2020-01-16,13888.0,750,162,23,112,4
p01,2020-01-17,12501.0,739,237,27,39,4
p01,2020-01-18,13480.0,783,195,34,66,4
p01,2020-01-19,13255.0,767,203,31,63,4
p01,2020-01-20,7492.0,795,206,9,18,1
p01,2020-01-21,11684.0,757,227,10,41,3
p01,2020-01-22,10162.0,819,247,20,23,3
p01,2020-01-23,15169.0,699,212,41,95,4
p01,2020-01-24,10721.0,696,253,23,20,3
p01,2020-01-25,18231.0,632,248,52,71,4
p01,2020-01-26,18422.0,610,284,27,79,4
p01,2020-01-27,9026.0,805,247,11,27,2
p01,2020-01-28,14473.0,742,210,52,72,4
p01,2020-01-29,4749.0,916,132,20,11,0
p01,2020-01-30,14398.0,552,389,29,85,4
p01,2020-01-31,12231.0,647,333,30,42,3
p01,2020-02-01,14409.0,598,402,36,28,4
p01,2020-02-02,11652.0,501,505,11,16,3
p01,2020-02-03,10754.0,534,432,29,26,3
p01,2020-02-04,8898.0,830,222,5,14,2
p01,2020-02-05,18685.0,729,237,35,101,4
p01,2020-02-06,24846.0,622,197,85,178,4
p01,2020-02-07,8131.0,833,198,14,11,2
p01,2020-02-08,14197.0,636,279,22,31,4
p01,2020-02-09,8963.0,751,229,18,15,2
p01,2020-02-10,15052.0,723,257,28,70,4
p01,2020-02-11,10533.0,630,361,28,30,3
p01,2020-02-12,10839.0,668,350,9,46,3
p01,2020-02-13,13617.0,670,359,6,39,4
p01,2020-02-14,7819.0,928,194,11,21,2
p01,2020-02-15,6833.0,743,186,14,18,1
p01,2020-02-16,8837.0,692,244,9,15,2
p01,2020-02-17,10674.0,729,345,10,12,2
p01,2020-02-18,10533.0,749,197,21,45,3
p01,2020-02-19,18691.0,575,415,14,51,4
p01,2020-02-20,7720.0,846,217,11,23,2
p01,2020-02-21,17992.0,678,358,34,64,4
p01,2020-02-22,15947.0,539,459,8,16,2
p01,2020-02-23,12227.0,576,378,27,3,2
p01,2020-02-24,7427.0,884,178,7,7,1
p01,2020-02-25,7365.0,831,267,30,8,1
p01,2020-02-26,12554.0,801,264,16,37,4
p01,2020-02-27,19534.0,685,209,70,115,4
p01,2020-02-28,12513.0,710,347,9,16,2
p01,2020-02-29,21999.0,420,418,125,63,4
p01,2020-03-01,21553.0,506,340,146,70,4
p01,2020-03-02,11335.0,748,252,13,19,3
p01,2020-03-03,10117.0,781,194,22,39,3
p01,2020-03-04,13093.0,453,605,24,16,4
p01,2020-03-05,20119.0,451,416,41,127,4
p01,2020-03-06,10480.0,691,290,15,25,3
p01,2020-03-07,12847.0,722,157,40,70,4
p01,2020-03-08,13115.0,647,312,27,41,4
p01,2020-03-09,7240.0,816,250,0,0,1
p01,2020-03-10,13280.0,797,189,24,60,4
p01,2020-03-11,8855.0,1225,192,16,7,2
p01,2020-03-12,9835.0,823,200,18,24,2
p01,2020-03-13,8744.0,768,205,19,15,2
p01,2020-03-14,9026.0,736,168,10,38,2
p01,2020-03-15,9937.0,826,200,14,48,2
p01,2020-03-16,6939.0,845,137,31,25,1
p01,2020-03-17,7952.0,711,145,11,38,2
p01,2020-03-18,6403.0,811,112,16,33,1
p01,2020-03-19,8331.0,807,204,29,22,2
p01,2020-03-20,7189.0,859,156,15,30,1
p01,2020-03-21,14653.0,657,249,31,70,4
p01,2020-03-22,4773.0,793,168,14,11,0
p01,2020-03-23,5897.0,824,149,13,31,1
p01,2020-03-24,5439.0,781,151,3,13,1
p01,2020-03-25,9121.0,797,186,11,43,2
p01,2020-03-26,7357.0,771,142,26,42,1
p01,2020-03-27,11532.0,821,181,28,65,3
p01,2020-03-28,16448.0,679,207,69,83,4
p01,2020-03-29,6698.0,840,145,19,22,1
p01,2020-03-30,4761.0,842,161,6,8,0
p01,2020-03-31,9351.0,837,155,23,44,2
p02,2019-11-01,9351.0,1440,0,0,0,2
p02,2019-11-02,9351.0,1440,0,0,0,2
p02,2019-11-03,9351.0,1440,0,0,0,2
p02,2019-11-04,9351.0,1440,0,0,0,2
p02,2019-11-05,385.0,1424,16,0,0,0
p02,2019-11-06,17228.0,707,183,20,77,4
p02,2019-11-07,16074.0,689,222,14,98,4
p02,2019-11-08,17375.0,638,227,17,80,4
p02,2019-11-09,18903.0,799,177,28,128,4
p02,2019-11-10,15647.0,599,227,36,109,4
p02,2019-11-11,21991.0,711,113,39,143,4
p02,2019-11-12,15502.0,741,153,19,150,4
p02,2019-11-13,21369.0,563,260,49,128,4
p02,2019-11-14,9948.0,813,98,12,88,2
p02,2019-11-15,14219.0,650,250,32,108,4
p02,2019-11-16,16322.0,612,209,46,85,4
p02,2019-11-17,4918.0,875,191,7,4,0
p02,2019-11-18,24041.0,676,126,34,215,4
p02,2019-11-19,1409.0,960,50,0,0,0
p02,2019-11-20,19635.0,763,132,26,144,4
p02,2019-11-21,12469.0,775,147,11,84,3
p02,2019-11-22,11579.0,725,118,10,152,3
p02,2019-11-23,17081.0,475,331,35,90,4
p02,2019-11-24,3132.0,895,167,0,0,0
p02,2019-11-25,22800.0,679,97,38,178,4
p02,2019-11-26,22487.0,658,147,45,158,4
p02,2019-11-27,21967.0,717,104,27,166,4
p02,2019-11-28,9594.0,818,110,12,63,2
p02,2019-11-29,16534.0,660,204,36,94,4
p02,2019-11-30,15134.0,1115,208,32,85,4
p02,2019-12-01,20025.0,588,161,17,165,4
p02,2019-12-02,26116.0,639,128,34,214,4
p02,2019-12-03,14643.0,661,196,26,117,4
p02,2019-12-04,10886.0,676,269,12,40,3
p02,2019-12-05,19220.0,653,194,21,130,4
p02,2019-12-06,16187.0,825,159,27,108,4
p02,2019-12-07,21078.0,592,250,28,144,4
p02,2019-12-08,21623.0,643,189,29,165,4
p02,2019-12-09,17015.0,696,250,33,83,4
p02,2019-12-10,9379.0,767,251,11,37,2
p02,2019-12-11,14888.0,739,188,17,83,4
p02,2019-12-12,19928.0,634,171,42,160,4
p02,2019-12-13,18049.0,695,187,15,98,4
p02,2019-12-14,11890.0,723,189,11,70,3
p02,2019-12-15,19888.0,601,153,25,135,4
p02,2019-12-16,17538.0,699,155,30,123,4
p02,2019-12-17,14124.0,780,94,24,107,4
p02,2019-12-18,23793.0,644,135,32,183,4
p02,2019-12-19,13145.0,745,208,18,68,4
p02,2019-12-20,22707.0,666,209,25,133,4
p02,2019-12-21,10055.0,659,287,14,34,3
p02,2019-12-22,9569.0,639,186,43,78,2
p02,2019-12-23,9261.0,722,263,20,25,2
p02,2019-12-24,15626.0,542,273,48,74,4
p02,2019-12-25,14476.0,689,202,20,101,4
p02,2019-12-26,18867.0,503,237,33,135,4
p02,2019-12-27,9417.0,743,145,7,64,2
p02,2019-12-28,16565.0,661,181,17,111,4
p02,2019-12-29,8065.0,799,135,3,55,2
p02,2019-12-30,15828.0,612,199,17,131,4
p02,2019-12-31,1058.0,950,25,2,7,0
p02,2020-01-01,239.0,1434,6,0,0,0
p02,2020-01-02,8414.0,628,240,16,48,2
p02,2020-01-03,15541.0,726,281,12,63,4
p02,2020-01-04,16953.0,728,150,21,134,4
p02,2020-01-05,13684.0,615,143,32,106,4
p02,2020-01-06,21047.0,553,182,46,253,4
p02,2020-01-07,21214.0,656,208,8,141,4
p02,2020-01-08,22660.0,643,138,11,175,4
p02,2020-01-09,12857.0,751,136,22,85,4
p02,2020-01-10,20111.0,657,160,14,172,4
p02,2020-01-11,5824.0,846,222,3,11,1
p02,2020-01-12,13801.0,624,147,26,156,4
p02,2020-01-13,15668.0,772,120,29,99,4
p02,2020-01-14,21089.0,694,145,26,159,4
p02,2020-01-15,24040.0,628,127,22,215,4
p02,2020-01-16,15446.0,749,131,31,109,4
p02,2020-01-17,23550.0,734,169,27,154,4
p02,2020-01-18,15735.0,541,223,13,135,4
p02,2020-01-19,10183.0,766,119,15,64,3
p02,2020-01-20,15403.0,733,147,12,90,4
p02,2020-01-21,24495.0,642,122,25,213,4
p02,2020-01-22,20276.0,633,166,50,154,4
p02,2020-01-23,16213.0,821,191,15,90,4
p02,2020-01-24,21309.0,652,197,30,138,4
p02,2020-01-25,7550.0,669,269,1,15,2
p02,2020-01-26,4766.0,959,139,4,11,0
p02,2020-01-27,27156.0,1082,116,18,224,4
p02,2020-01-28,14874.0,800,103,23,106,4
p02,2020-01-29,20667.0,562,293,25,116,4
p02,2020-01-30,12191.0,674,162,19,122,3
p02,2020-01-31,14950.0,655,213,16,96,4
p02,2020-02-01,11957.0,621,237,23,73,3
p02,2020-02-02,17758.0,506,230,62,85,4
p02,2020-02-03,16166.0,646,226,25,90,4
p02,2020-02-04,15195.0,548,354,46,73,4
p02,2020-02-05,17319.0,635,337,23,98,4
p02,2020-02-06,14191.0,671,217,11,87,4
p02,2020-02-07,16075.0,670,219,3,99,4
p02,2020-02-08,19941.0,602,251,16,96,4
p02,2020-02-09,10319.0,648,234,19,40,3
p02,2020-02-10,9845.0,806,109,11,57,2
p02,2020-02-11,19587.0,662,150,41,149,4
p02,2020-02-12,26750.0,664,161,36,185,4
p02,2020-02-13,19540.0,608,172,50,155,4
p02,2020-02-14,13895.0,661,289,1,57,4
p02,2020-02-15,17449.0,686,185,31,147,4
p02,2020-02-16,23982.0,661,204,19,197,4
p02,2020-02-17,12872.0,730,121,23,116,4
p02,2020-02-18,14934.0,760,95,25,114,4
p02,2020-02-19,25436.0,563,186,55,194,4
p02,2020-02-20,28029.0,546,175,48,203,4
p02,2020-02-21,17634.0,620,221,43,144,4
p02,2020-02-22,13643.0,625,280,39,22,4
p02,2020-02-23,17558.0,756,140,8,125,4
p02,2020-02-24,14370.0,634,253,15,66,4
p02,2020-02-25,6731.0,1041,185,38,17,1
p02,2020-02-26,21897.0,448,281,78,152,4
p02,2020-02-27,31147.0,532,165,26,215,4
p02,2020-02-28,6665.0,853,224,0,0,1
p02,2020-02-29,27295.0,527,164,32,223,4
p02,2020-03-01,12031.0,864,215,13,63,3
p02,2020-03-02,23021.0,622,139,28,168,4
p02,2020-03-03,23647.0,640,152,19,196,4
p02,2020-03-04,17096.0,612,171,31,108,4
p02,2020-03-05,15797.0,584,217,27,113,4
p02,2020-03-06,19857.0,565,213,29,161,4
p02,2020-03-07,16197.0,645,205,30,120,4
p02,2020-03-08,10894.0,690,232,18,56,3
p02,2020-03-09,24870.0,680,189,17,163,4
p02,2020-03-10,12198.0,1130,246,17,47,3
p02,2020-03-11,18491.0,575,187,24,122,4
p02,2020-03-12,10341.0,741,166,25,67,3
p02,2020-03-13,16566.0,672,221,20,105,4
p02,2020-03-14,20861.0,502,215,9,151,4
p02,2020-03-15,17450.0,624,218,34,138,4
p02,2020-03-16,10922.0,784,106,34,73,3
p02,2020-03-17,15858.0,1135,151,18,136,4
p02,2020-03-18,12603.0,760,89,14,107,4
p02,2020-03-19,19589.0,537,166,52,191,4
p02,2020-03-20,16234.0,755,199,22,127,4
p02,2020-03-21,13056.0,793,193,6,73,4
p02,2020-03-22,12485.0,669,111,9,119,3
p02,2020-03-23,17238.0,666,95,18,149,4
p02,2020-03-24,10874.0,686,152,12,67,3
p02,2020-03-25,9817.0,775,106,11,54,2
p02,2020-03-26,5102.0,855,128,14,72,1
p02,2020-03-27,15078.0,680,171,12,91,4
p02,2020-03-28,17133.0,609,237,42,109,4
p02,2020-03-29,13039.0,983,77,11,115,4
p02,2020-03-30,18485.0,784,96,20,152,4
p02,2020-03-31,15137.0,663,135,29,117,4
p03,2019-11-01,11204.0,1035,227,7,36,3
p03,2019-11-02,4435.0,888,91,12,25,0
p03,2019-11-03,0.0,1440,0,0,0,0
p03,2019-11-04,0.0,1440,0,0,0,0
p03,2019-11-05,6710.0,1276,127,11,26,1
p03,2019-11-06,9079.0,739,175,13,22,2
p03,2019-11-07,4313.0,836,131,0,0,0
p03,2019-11-08,7825.0,786,216,0,0,2
p03,2019-11-09,3338.0,1364,76,0,0,0
p03,2019-11-10,3338.0,1440,0,0,0,0
p03,2019-11-11,7356.0,1277,131,5,27,1
p03,2019-11-12,7498.0,1034,174,6,2,1
p03,2019-11-13,13.0,1030,3,0,0,0
p03,2019-11-14,7284.0,782,148,9,20,1
p03,2019-11-15,4345.0,1329,111,0,0,0
p03,2019-11-16,394.0,911,26,0,0,0
p03,2019-11-17,394.0,1440,0,0,0,0
p03,2019-11-18,394.0,1440,0,0,0,0
p03,2019-11-19,394.0,1440,0,0,0,0
p03,2019-11-20,394.0,1440,0,0,0,0
p03,2019-11-21,394.0,1440,0,0,0,0
p03,2019-11-22,394.0,1440,0,0,0,0
p03,2019-11-23,394.0,1440,0,0,0,0
p03,2019-11-24,394.0,1440,0,0,0,0
p03,2019-11-25,394.0,1440,0,0,0,0
p03,2019-11-26,394.0,1440,0,0,0,0
p03,2019-11-27,394.0,1440,0,0,0,0
p03,2019-11-28,394.0,1440,0,0,0,0
p03,2019-11-29,394.0,1440,0,0,0,0
p03,2019-11-30,394.0,1440,0,0,0,0
p03,2019-12-01,394.0,1440,0,0,0,0
p03,2019-12-02,394.0,1440,0,0,0,0
p03,2019-12-03,394.0,1440,0,0,0,0
p03,2019-12-04,394.0,1440,0,0,0,0
p03,2019-12-05,394.0,1440,0,0,0,0
p03,2019-12-06,394.0,1440,0,0,0,0
p03,2019-12-07,394.0,1440,0,0,0,0
p03,2019-12-08,394.0,1440,0,0,0,0
p03,2019-12-09,394.0,1440,0,0,0,0
p03,2019-12-10,195.0,1440,0,0,0,0
p03,2019-12-11,9113.0,1229,168,12,31,2
p03,2019-12-12,10866.0,1182,168,30,60,3
p03,2019-12-13,6389.0,1167,263,5,5,1
p03,2019-12-14,6241.0,1330,67,13,30,1
p03,2019-12-15,31.0,1439,1,0,0,0
p03,2019-12-16,6116.0,1266,156,7,11,1
p03,2019-12-17,9876.0,1129,255,22,34,2
p03,2019-12-18,633.0,1424,16,0,0,0
p03,2019-12-19,6.0,1439,1,0,0,0
p03,2019-12-20,4872.0,919,157,4,7,0
p03,2019-12-21,8113.0,660,263,0,0,2
p03,2019-12-21,8113.0,660,263,0,0,2
p03,2019-12-22,7278.0,923,258,16,2,1
p03,2019-12-23,9649.0,707,286,5,14,2
p03,2019-12-24,10406.0,677,321,25,16,3
p03,2019-12-25,4936.0,818,201,12,1,0
p03,2019-12-26,3867.0,1274,166,0,0,0
p03,2019-12-27,33.0,1427,13,0,0,0
p03,2019-12-28,5785.0,931,197,0,0,1
p03,2019-12-29,2207.0,800,91,0,0,0
p03,2019-12-30,9643.0,822,189,9,38,2
p03,2019-12-31,3946.0,868,154,0,0,0
p03,2020-01-01,904.0,917,45,0,0,0
p03,2020-01-02,2180.0,853,79,0,0,0
p03,2020-01-03,2877.0,1329,111,0,0,0
p03,2020-01-04,11212.0,651,224,62,33,3
p03,2020-01-05,2918.0,1210,105,6,0,0
p03,2020-01-06,9233.0,751,150,13,32,2
p03,2020-01-07,8382.0,764,188,4,18,2
p03,2020-01-08,7930.0,784,116,17,32,2
p03,2020-01-09,11060.0,569,255,71,49,3
p03,2020-01-10,7018.0,686,135,11,16,1
p03,2020-01-11,7.0,834,3,0,0,0
p03,2020-01-12,7019.0,1323,59,15,43,1
p03,2020-01-13,9216.0,808,144,5,46,2
p03,2020-01-14,6320.0,848,125,3,23,1
p03,2020-01-15,9626.0,821,144,17,36,2
p03,2020-01-16,10940.0,670,251,39,40,3
p03,2020-01-17,6496.0,798,114,5,25,1
p03,2020-01-18,770.0,953,38,0,0,0
p03,2020-01-19,63.0,906,9,0,0,0
p03,2020-01-20,13172.0,774,178,34,67,4
p03,2020-01-21,0.0,1227,0,0,0,0
p03,2020-01-22,8798.0,891,102,14,45,2
p03,2020-01-23,5879.0,897,95,1,22,1
p03,2020-01-24,7511.0,1279,130,3,28,2
p03,2020-01-25,2093.0,1172,22,4,11,0
p03,2020-01-26,858.0,924,41,0,0,0
p03,2020-01-27,9785.0,1184,228,4,24,2
p03,2020-01-28,6588.0,904,144,9,15,1
p03,2020-01-29,9445.0,787,165,7,29,2
p03,2020-01-30,13800.0,647,309,55,63,4
p03,2020-01-31,10627.0,856,131,14,61,3
p03,2020-02-01,723.0,802,38,0,0,0
p03,2020-02-02,1365.0,948,77,0,0,0
p03,2020-02-03,9441.0,698,186,10,29,2
p03,2020-02-04,8628.0,781,175,0,26,2
p03,2020-02-05,11776.0,709,166,25,50,3
p03,2020-02-06,16964.0,473,182,112,136,4
p03,2020-02-07,11950.0,786,149,15,53,3
p03,2020-02-08,7.0,1440,0,0,0,0
p03,2020-02-09,369.0,930,24,0,0,0
p03,2020-02-10,8216.0,782,185,1,25,2
p03,2020-02-11,8784.0,740,184,15,21,2
p03,2020-02-12,10918.0,784,226,9,31,3
p03,2020-02-13,7663.0,817,134,7,28,2
p03,2020-02-14,3971.0,1338,85,12,5,0
p03,2020-02-15,4804.0,856,124,6,20,0
p03,2020-02-16,4866.0,788,179,0,0,0
p03,2020-02-17,7286.0,1164,208,7,0,1
p03,2020-02-18,7337.0,869,110,13,28,1
p03,2020-02-19,6524.0,825,135,10,20,1
p03,2020-02-20,6825.0,1255,148,14,23,1
p03,2020-02-21,7753.0,863,129,10,36,2
p03,2020-02-22,5051.0,1309,94,19,18,1
p03,2020-02-23,450.0,1412,28,0,0,0
p03,2020-02-24,10469.0,1122,247,21,50,3
p03,2020-02-25,7822.0,1216,202,7,15,2
p03,2020-02-26,6692.0,1275,136,5,24,1
p03,2020-02-27,9114.0,764,125,26,132,2
p03,2020-02-28,1484.0,1406,20,4,10,0
p03,2020-02-29,1484.0,1440,0,0,0,0
p03,2020-03-01,1484.0,1440,0,0,0,0
p03,2020-03-02,1484.0,1440,0,0,0,0
p03,2020-03-03,1484.0,1440,0,0,0,0
p03,2020-03-04,6135.0,1267,135,16,22,1
p03,2020-03-05,9496.0,860,128,74,42,2
p03,2020-03-06,6780.0,781,140,4,6,1
p03,2020-03-07,3297.0,888,65,0,0,0
p03,2020-03-08,193.0,898,8,0,0,0
p03,2020-03-09,5448.0,866,125,5,22,1
p03,2020-03-10,4986.0,1357,48,10,25,0
p03,2020-03-11,646.0,1416,24,0,0,0
p03,2020-03-12,266.0,1429,11,0,0,0
p03,2020-03-13,5577.0,1285,118,24,13,1
p03,2020-03-14,2239.0,1376,53,8,3,0
p03,2020-03-15,293.0,1415,25,0,0,0
p03,2020-03-16,169.0,1436,4,0,0,0
p03,2020-03-17,212.0,1435,5,0,0,0
p03,2020-03-18,42.0,1434,6,0,0,0
p03,2020-03-19,745.0,1400,40,0,0,0
p03,2020-03-20,4182.0,1308,132,0,0,0
p03,2020-03-21,1093.0,1380,60,0,0,0
p03,2020-03-22,2763.0,964,118,0,0,0
p03,2020-03-23,2861.0,971,124,0,0,0
p03,2020-03-24,2084.0,920,78,10,1,0
p03,2020-03-25,17.0,1439,1,0,0,0
p03,2020-03-26,1160.0,1007,44,0,0,0
p03,2020-03-27,5906.0,922,194,11,1,1
p03,2020-03-28,5906.0,1440,0,0,0,1
p03,2020-03-29,1233.0,1017,44,0,0,0
p03,2020-03-30,475.0,1044,32,0,0,0
p03,2020-03-31,1462.0,983,57,0,0,0
p04,2019-11-01,1462.0,1440,0,0,0,0
p04,2019-11-02,1462.0,1440,0,0,0,0
p04,2019-11-03,1462.0,1440,0,0,0,0
p04,2019-11-04,1462.0,1440,0,0,0,0
p04,2019-11-05,1462.0,1390,0,0,50,0
p04,2019-11-06,9243.0,1180,219,7,34,2
p04,2019-11-07,10246.0,618,305,14,14,2
p04,2019-11-08,11489.0,655,281,5,40,3
p04,2019-11-09,7587.0,618,233,16,23,2
p04,2019-11-10,4954.0,657,164,6,9,0
p04,2019-11-11,11076.0,556,209,22,49,3
p04,2019-11-12,18749.0,486,320,11,68,4
p04,2019-11-13,12890.0,597,198,5,62,4
p04,2019-11-14,11806.0,606,290,10,23,3
p04,2019-11-15,13614.0,557,273,32,30,4
p04,2019-11-16,10062.0,972,295,9,11,2
p04,2019-11-17,10886.0,821,163,7,58,3
p04,2019-11-18,13480.0,653,229,11,46,4
p04,2019-11-19,16346.0,609,260,19,59,4
p04,2019-11-20,9916.0,677,238,19,32,2
p04,2019-11-21,9199.0,597,267,4,15,2
p04,2019-11-22,10338.0,670,281,4,18,2
p04,2019-11-23,8119.0,533,247,6,10,1
p04,2019-11-24,12824.0,708,177,53,42,4
p04,2019-11-25,16500.0,611,239,13,61,4
p04,2019-11-26,15853.0,546,304,30,48,4
p04,2019-11-27,7519.0,609,281,0,0,2
p04,2019-11-28,13977.0,568,257,10,43,4
p04,2019-11-29,8448.0,724,248,8,2,2
p04,2019-11-30,9049.0,536,231,28,16,2
p04,2019-12-01,6495.0,664,192,17,28,1
p04,2019-12-02,16498.0,641,268,24,52,4
p04,2019-12-03,20814.0,520,353,42,60,4
p04,2019-12-04,6919.0,689,288,0,0,1
p04,2019-12-05,10548.0,613,318,10,22,3
p04,2019-12-06,10875.0,607,278,12,9,2
p04,2019-12-07,9356.0,582,286,12,10,2
p04,2019-12-08,4214.0,805,150,14,10,0
p04,2019-12-09,9211.0,633,148,12,53,2
p04,2019-12-10,12137.0,642,151,14,56,3
p04,2019-12-11,9436.0,661,203,33,35,2
p04,2019-12-12,14554.0,1119,258,10,53,4
p04,2019-12-13,8490.0,629,330,0,0,2
p04,2019-12-14,15680.0,453,275,34,73,4
p04,2019-12-15,5326.0,666,172,13,11,1
p04,2019-12-16,13718.0,548,222,3,44,4
p04,2019-12-17,16487.0,525,275,23,57,4
p04,2019-12-18,8299.0,679,253,0,0,2
p04,2019-12-19,12453.0,703,218,29,36,3
p04,2019-12-20,10979.0,585,268,5,30,3
p04,2019-12-21,6260.0,707,262,0,8,1
p04,2019-12-22,7063.0,709,130,21,35,1
p04,2019-12-23,12278.0,641,169,1,59,3
p04,2019-12-24,9567.0,670,263,16,17,2
p04,2019-12-25,7881.0,643,155,36,24,2
p04,2019-12-26,16755.0,540,240,33,91,4
p04,2019-12-27,5958.0,783,203,0,0,1
p04,2019-12-28,5923.0,752,134,29,27,1
p04,2019-12-29,8812.0,631,141,20,33,2
p04,2019-12-30,8399.0,685,197,12,26,2
p04,2019-12-31,7255.0,558,189,12,20,1
p04,2020-01-01,1997.0,647,145,0,0,0
p04,2020-01-01,1997.0,647,145,0,0,0
p04,2020-01-02,11220.0,607,182,12,38,3
p04,2020-01-03,8927.0,715,124,4,39,2
p04,2020-01-04,5617.0,646,162,15,13,1
p04,2020-01-05,4805.0,641,180,0,0,0
p04,2020-01-06,9532.0,1053,188,14,2,1
p04,2020-01-07,3502.0,1301,128,11,0,0
p04,2020-01-08,16382.0,1133,176,31,5,2
p04,2020-01-09,17713.0,690,240,31,50,4
p04,2020-01-10,12279.0,581,306,34,60,3
p04,2020-01-11,6161.0,820,201,2,0,1
p04,2020-01-12,12412.0,671,205,15,3,1
p04,2020-01-13,14609.0,613,227,30,45,4
p04,2020-01-14,14373.0,738,191,16,29,4
p04,2020-01-15,13663.0,642,164,23,68,4
p04,2020-01-16,8257.0,645,136,25,56,2
p04,2020-01-17,9938.0,569,185,62,31,2
p04,2020-01-18,11842.0,588,225,5,38,3
p04,2020-01-19,10161.0,706,140,49,11,3
p04,2020-01-20,13756.0,780,131,5,3,4
p04,2020-01-21,17981.0,521,183,54,80,4
p04,2020-01-22,7755.0,612,160,9,49,2
p04,2020-01-23,18826.0,629,217,77,57,4
p04,2020-01-24,15565.0,758,156,18,61,4
p04,2020-01-25,11832.0,628,269,30,4,2
p04,2020-01-26,8620.0,729,177,21,12,2
p04,2020-01-27,7617.0,730,114,1,40,2
p04,2020-01-28,14516.0,717,194,0,0,4
p04,2020-01-29,12458.0,579,276,92,57,3
p04,2020-01-30,5280.0,815,153,0,0,1
p04,2020-01-31,9493.0,892,284,32,15,2
p04,2020-02-01,18282.0,460,222,32,82,4
p04,2020-02-02,7367.0,809,248,43,15,1
p04,2020-02-03,21213.0,617,245,68,76,4
p04,2020-02-04,12657.0,787,332,49,18,4
p04,2020-02-05,12630.0,486,210,28,18,4
p04,2020-02-06,12338.0,632,309,10,12,2
p04,2020-02-07,7382.0,541,195,4,27,1
p04,2020-02-08,7683.0,620,235,20,3,1
p04,2020-02-09,5208.0,924,204,11,15,1
p04,2020-02-10,7409.0,790,231,0,0,1
p04,2020-02-11,14886.0,645,205,44,49,4
p04,2020-02-12,14637.0,461,317,16,43,4
p04,2020-02-13,11953.0,575,290,0,0,3
p04,2020-02-14,4638.0,1027,203,0,0,0
p04,2020-02-15,7792.0,783,216,30,4,2
p04,2020-02-16,6002.0,1156,77,16,14,1
p04,2020-02-17,9639.0,761,235,0,31,2
p04,2020-02-18,12997.0,614,349,10,15,2
p04,2020-02-19,8727.0,691,244,10,11,2
p04,2020-02-20,11174.0,481,253,14,37,3
p04,2020-02-21,12973.0,420,345,21,31,4
p04,2020-02-22,8584.0,636,252,0,0,2
p04,2020-02-23,153.0,1002,23,8,13,0
p04,2020-02-24,15304.0,503,336,6,42,4
p04,2020-02-25,13344.0,597,314,13,4,1
p04,2020-02-26,13680.0,613,267,23,28,4
p04,2020-02-27,15236.0,580,284,10,58,4
p04,2020-02-28,9925.0,667,266,11,14,2
p04,2020-02-29,13963.0,570,319,13,0,1
p04,2020-03-01,10447.0,788,86,44,85,3
p04,2020-03-02,273.0,478,26,0,0,0
p04,2020-03-03,6684.0,679,102,29,18,1
p04,2020-03-04,7560.0,560,216,10,17,2
p04,2020-03-05,5810.0,716,148,12,23,1
p04,2020-03-06,7294.0,576,156,43,14,1
p04,2020-03-07,7034.0,659,166,17,12,1
p04,2020-03-08,7091.0,802,153,18,41,1
p04,2020-03-09,16648.0,589,264,43,51,4
p04,2020-03-10,17067.0,536,310,25,64,4
p04,2020-03-11,9763.0,698,246,10,16,2
p04,2020-03-12,7080.0,792,203,12,12,1
p04,2020-03-13,14138.0,656,176,16,56,4
p04,2020-03-14,6427.0,897,47,0,103,1
p04,2020-03-15,5914.0,646,200,0,0,1
p04,2020-03-16,5684.0,729,136,52,2,1
p04,2020-03-17,7855.0,670,131,18,28,2
p04,2020-03-18,9610.0,724,180,6,31,2
p04,2020-03-19,7195.0,785,133,33,42,1
p04,2020-03-20,8379.0,671,108,30,40,2
p04,2020-03-21,1718.0,806,116,0,0,0
p04,2020-03-22,9010.0,815,144,37,21,2
p04,2020-03-23,12666.0,638,143,7,72,4
p04,2020-03-24,10418.0,686,267,24,33,3
p04,2020-03-25,9107.0,707,119,16,44,2
p04,2020-03-26,10188.0,710,109,9,55,3
p04,2020-03-27,7149.0,679,185,14,18,1
p04,2020-03-28,13075.0,572,141,65,48,4
p04,2020-03-29,7970.0,754,149,26,23,2
p04,2020-03-30,9210.0,559,173,15,46,2
p04,2020-03-31,488.0,485,36,0,0,0
p05,2019-11-01,14306.0,556,318,40,38,4
p05,2019-11-02,13349.0,775,298,17,25,4
p05,2019-11-03,9037.0,767,267,12,34,2
p05,2019-11-04,13240.0,1103,255,34,48,4
p05,2019-11-05,14898.0,1042,301,53,44,4
p05,2019-11-06,11297.0,787,251,15,16,3
p05,2019-11-07,19247.0,670,293,56,65,4
p05,2019-11-08,12376.0,713,257,21,28,3
p05,2019-11-09,11928.0,614,231,76,37,3
p05,2019-11-10,1046.0,997,42,0,0,0
p05,2019-11-11,1046.0,1440,0,0,0,0
p05,2019-11-12,3836.0,1327,89,7,17,0
p05,2019-11-13,13899.0,776,259,37,54,4
p05,2019-11-14,12427.0,752,218,21,57,3
p05,2019-11-15,16259.0,506,285,82,60,4
p05,2019-11-16,7808.0,760,279,7,1,2
p05,2019-11-17,13590.0,630,287,38,38,4
p05,2019-11-18,9090.0,835,212,16,23,2
p05,2019-11-19,13253.0,1056,335,23,26,4
p05,2019-11-20,14021.0,652,206,36,64,4
p05,2019-11-21,12718.0,652,287,11,18,3
p05,2019-11-22,13553.0,630,264,77,47,4
p05,2019-11-23,9188.0,638,287,17,0,1
p05,2019-11-24,10260.0,656,218,20,35,3
p05,2019-11-25,8388.0,738,234,9,30,2
p05,2019-11-26,9234.0,817,190,18,30,2
p05,2019-11-27,13224.0,622,258,63,50,4
p05,2019-11-28,10623.0,627,252,27,44,3
p05,2019-11-29,11829.0,666,222,39,42,3
p05,2019-11-30,16879.0,576,255,70,82,4
p05,2019-12-01,14397.0,751,236,70,41,4
p05,2019-12-02,8942.0,796,181,29,40,2
p05,2019-12-03,9870.0,870,228,29,27,2
p05,2019-12-04,13212.0,768,225,52,59,4
p05,2019-12-05,10405.0,829,124,28,54,3
p05,2019-12-06,17324.0,595,255,81,65,4
p05,2019-12-07,12651.0,742,366,11,9,1
p05,2019-12-08,8625.0,875,193,28,22,2
p05,2019-12-09,15261.0,367,283,48,47,4
p05,2019-12-10,9313.0,1155,266,13,6,1
p05,2019-12-11,15552.0,708,213,66,57,4
p05,2019-12-12,13895.0,785,166,38,66,4
p05,2019-12-13,11194.0,659,226,29,29,3
p05,2019-12-14,11141.0,519,308,43,13,3
p05,2019-12-15,7020.0,658,242,59,13,1
p05,2019-12-16,13252.0,641,223,49,61,4
p05,2019-12-17,14061.0,672,223,59,53,4
p05,2019-12-18,7878.0,937,183,5,5,1
p05,2019-12-19,15900.0,736,178,50,73,4
p05,2019-12-20,11961.0,722,254,39,32,3
p05,2019-12-21,18690.0,1027,255,75,83,4
p05,2019-12-22,9624.0,780,273,42,12,2
p05,2019-12-23,12368.0,702,247,81,23,3
p05,2019-12-24,10200.0,722,313,26,21,3
p05,2019-12-25,5347.0,670,163,6,9,1
p05,2019-12-26,3456.0,875,133,0,0,0
p05,2019-12-27,8479.0,476,185,19,22,2
p05,2019-12-28,9967.0,627,208,57,44,2
p05,2019-12-29,8598.0,864,266,21,10,2
p05,2019-12-30,11069.0,606,352,13,9,2
p05,2019-12-31,16043.0,692,242,53,63,4
p05,2020-01-01,8504.0,812,274,23,7,2
p05,2020-01-02,19895.0,521,338,51,85,4
p05,2020-01-03,14771.0,565,316,58,38,4
p05,2020-01-04,12945.0,745,326,31,26,4
p05,2020-01-05,12778.0,760,251,3,37,4
p05,2020-01-06,23971.0,516,291,103,98,4
p05,2020-01-07,20148.0,643,240,53,101,4
p05,2020-01-08,14449.0,1088,221,79,52,4
p05,2020-01-09,18777.0,584,262,87,101,4
p05,2020-01-10,17022.0,603,315,48,70,4
p05,2020-01-11,14881.0,663,358,24,18,4
p05,2020-01-12,7931.0,715,256,14,11,2
p05,2020-01-13,15027.0,623,347,53,38,4
p05,2020-01-14,13772.0,660,293,24,34,4
p05,2020-01-15,12578.0,700,285,20,39,4
p05,2020-01-16,14739.0,590,226,86,55,4
p05,2020-01-17,12373.0,691,306,52,34,3
p05,2020-01-18,10486.0,704,296,12,17,3
p05,2020-01-19,14659.0,621,291,57,52,4
p05,2020-01-20,13595.0,673,284,70,52,4
p05,2020-01-21,12411.0,1099,258,34,49,3
p05,2020-01-22,14971.0,1048,288,44,60,4
p05,2020-01-23,10476.0,670,270,27,11,3
p05,2020-01-24,17760.0,586,253,61,89,4
p05,2020-01-25,16373.0,686,276,36,84,4
p05,2020-01-26,11198.0,754,201,39,39,3
p05,2020-01-27,10941.0,587,297,107,49,3
p05,2020-01-28,12031.0,689,249,35,47,3
p05,2020-01-29,11400.0,690,296,44,25,3
p05,2020-01-30,19763.0,1013,278,58,91,4
p05,2020-01-31,14158.0,1054,300,47,39,4
p05,2020-02-01,9115.0,1158,247,23,12,2
p05,2020-02-02,12442.0,612,314,8,35,3
p05,2020-02-03,12086.0,785,273,51,40,3
p05,2020-02-04,11657.0,594,231,44,52,3
p05,2020-02-05,13709.0,633,297,40,32,4
p05,2020-02-06,10270.0,837,270,16,21,3
p05,2020-02-07,13738.0,612,262,57,50,4
p05,2020-02-08,13738.0,1440,0,0,0,4
p05,2020-02-09,720.0,1416,14,9,1,0
p05,2020-02-10,10720.0,1059,252,113,16,3
p05,2020-02-11,12291.0,1092,255,50,43,3
p05,2020-02-12,12584.0,1136,246,10,48,4
p05,2020-02-13,9674.0,1137,249,20,34,2
p05,2020-02-14,10930.0,1080,331,20,9,2
p05,2020-02-15,15625.0,756,239,48,52,4
p05,2020-02-16,11345.0,753,308,43,18,3
p05,2020-02-17,12981.0,660,251,58,43,4
p05,2020-02-18,12881.0,651,260,66,35,4
p05,2020-02-19,12941.0,623,284,42,54,4
p05,2020-02-20,6669.0,811,214,12,8,1
p05,2020-02-21,13.0,1438,2,0,0,0
p05,2020-02-22,13.0,1440,0,0,0,0
p05,2020-02-23,13.0,1440,0,0,0,0
p05,2020-02-24,13.0,1440,0,0,0,0
p05,2020-02-25,13.0,1440,0,0,0,0
p05,2020-02-26,13.0,1440,0,0,0,0
p05,2020-02-27,13.0,1440,0,0,0,0
p05,2020-02-28,1046.0,1412,28,0,0,0
p05,2020-02-29,7713.0,1280,101,22,37,2
p05,2020-03-01,12635.0,1065,279,61,35,4
p05,2020-03-02,11468.0,1064,308,39,29,3
p05,2020-03-03,11973.0,1085,283,23,49,3
p05,2020-03-04,12980.0,1007,261,93,79,4
p05,2020-03-05,2620.0,1002,206,125,32,0
p05,2020-03-06,3420.0,749,147,10,5,0
p05,2020-03-07,9152.0,787,164,79,23,2
p05,2020-03-08,8854.0,753,282,21,17,2
p05,2020-03-09,9613.0,533,248,39,19,2
p05,2020-03-10,6039.0,674,168,41,14,1
p05,2020-03-11,6436.0,786,228,16,18,1
p05,2020-03-12,11886.0,728,272,20,30,3
p05,2020-03-13,11685.0,731,193,62,32,3
p05,2020-03-14,6954.0,802,199,65,19,1
p05,2020-03-15,8842.0,786,198,45,22,2
p05,2020-03-16,11481.0,746,214,39,28,3
p05,2020-03-17,14018.0,699,191,44,63,4
p05,2020-03-18,16775.0,675,240,67,63,4
p05,2020-03-19,7887.0,765,266,6,6,1
p05,2020-03-20,8825.0,714,267,14,7,1
p05,2020-03-21,8003.0,805,183,49,13,2
p05,2020-03-22,14280.0,710,221,36,50,4
p05,2020-03-23,8133.0,712,241,11,14,2
p05,2020-03-24,6293.0,797,206,22,8,1
p05,2020-03-25,4948.0,779,180,7,4,0
p05,2020-03-26,8396.0,806,188,38,21,2
p05,2020-03-27,7652.0,702,236,23,8,2
p05,2020-03-28,11424.0,713,232,40,47,3
p05,2020-03-29,9037.0,885,171,29,31,2
p05,2020-03-30,5516.0,708,194,8,5,1
p05,2020-03-31,466.0,1046,16,0,0,0
p06,2019-11-01,411.0,1422,18,0,0,0
p06,2019-11-02,21036.0,544,245,27,94,4
p06,2019-11-03,5840.0,820,204,24,29,1
p06,2019-11-04,16483.0,605,319,26,61,4
p06,2019-11-05,22329.0,502,280,89,146,4
p06,2019-11-06,13092.0,498,381,59,37,4
p06,2019-11-07,17737.0,468,434,82,39,4
p06,2019-11-08,18728.0,456,429,64,83,4
p06,2019-11-09,6732.0,720,249,0,0,1
p06,2019-11-10,6761.0,943,265,0,0,1
p06,2019-11-11,13981.0,508,289,1,50,4
p06,2019-11-12,17504.0,603,312,19,54,4
p06,2019-11-13,15675.0,580,282,23,62,4
p06,2019-11-14,19704.0,613,292,25,71,4
p06,2019-11-15,10308.0,656,334,7,4,1
p06,2019-11-16,20966.0,669,230,32,78,4
p06,2019-11-17,11738.0,514,232,8,50,3
p06,2019-11-18,17916.0,567,316,15,72,4
p06,2019-11-19,9460.0,634,296,0,0,2
p06,2019-11-20,16304.0,635,287,49,51,4
p06,2019-11-21,8133.0,706,231,24,3,2
p06,2019-11-22,7391.0,762,189,7,2,1
p06,2019-11-23,6690.0,985,263,0,0,1
p06,2019-11-24,14428.0,634,138,18,83,4
p06,2019-11-24,14428.0,634,138,18,83,4
p06,2019-11-25,9446.0,899,312,27,35,2
p06,2019-11-26,14819.0,655,493,0,0,4
p06,2019-11-27,11558.0,736,382,24,6,2
p06,2019-11-28,14498.0,483,383,52,40,4
p06,2019-11-29,18461.0,653,389,47,71,4
p06,2019-11-30,12564.0,644,286,0,28,4
p06,2019-12-01,10273.0,637,256,15,50,3
p06,2019-12-02,16083.0,617,418,16,28,4
p06,2019-12-03,17480.0,619,324,53,72,4
p06,2019-12-04,15580.0,702,303,12,59,4
p06,2019-12-05,16724.0,565,342,50,64,4
p06,2019-12-06,15567.0,583,313,67,58,4
p06,2019-12-07,5831.0,678,233,7,6,1
p06,2019-12-08,11579.0,749,231,1,46,3
p06,2019-12-09,22656.0,566,447,13,57,4
p06,2019-12-10,19470.0,541,347,98,65,4
p06,2019-12-11,18762.0,565,423,54,32,4
p06,2019-12-12,18545.0,543,325,99,67,4
p06,2019-12-13,20325.0,535,378,72,69,4
p06,2019-12-14,10382.0,611,396,14,18,3
p06,2019-12-15,4724.0,796,257,0,0,0
p06,2019-12-16,19651.0,419,319,102,76,4
p06,2019-12-17,20030.0,564,263,114,103,4
p06,2019-12-18,17962.0,574,292,101,76,4
p06,2019-12-19,19380.0,535,467,47,17,4
p06,2019-12-20,23042.0,488,280,120,169,4
p06,2019-12-21,5683.0,668,244,7,4,1
p06,2019-12-22,13713.0,636,265,12,49,4
p06,2019-12-23,15738.0,569,273,62,63,4
p06,2019-12-24,10771.0,691,253,8,44,3
p06,2019-12-25,4737.0,732,290,0,0,0
p06,2019-12-26,2414.0,741,147,0,0,0
p06,2019-12-27,13570.0,659,332,63,17,4
p06,2019-12-28,3778.0,681,137,5,5,0
p06,2019-12-29,8291.0,720,195,7,37,2
p06,2019-12-30,12068.0,664,349,23,30,3
p06,2019-12-31,8574.0,781,302,16,8,2
p06,2020-01-01,3786.0,811,225,0,0,0
p06,2020-01-02,16366.0,628,359,27,60,4
p06,2020-01-03,21206.0,500,337,40,89,4
p06,2020-01-04,5505.0,808,261,0,0,1
p06,2020-01-05,9205.0,755,218,12,31,2
p06,2020-01-06,16698.0,608,364,23,52,4
p06,2020-01-07,22046.0,597,353,71,87,4
p06,2020-01-08,11875.0,664,349,36,33,3
p06,2020-01-09,12677.0,607,394,27,9,3
p06,2020-01-10,14740.0,596,303,111,57,4
p06,2020-01-11,6356.0,645,269,4,5,1
p06,2020-01-12,8220.0,627,293,32,17,2
p06,2020-01-13,11225.0,640,350,29,21,3
p06,2020-01-14,23909.0,560,299,107,95,4
p06,2020-01-15,17218.0,589,378,63,61,4
p06,2020-01-16,13471.0,583,410,38,22,4
p06,2020-01-17,15080.0,548,362,90,42,4
p06,2020-01-18,10668.0,641,271,17,21,3
p06,2020-01-19,12767.0,662,254,26,58,4
p06,2020-01-20,12969.0,586,397,22,37,4
p06,2020-01-21,19587.0,492,349,83,79,4
p06,2020-01-22,12449.0,598,430,20,10,2
p06,2020-01-23,16912.0,474,481,34,24,4
p06,2020-01-24,11778.0,586,308,60,22,3
p06,2020-01-25,12526.0,661,242,15,54,4
p06,2020-01-26,7724.0,744,236,13,33,2
p06,2020-01-27,18901.0,520,434,35,44,4
p06,2020-01-28,13924.0,721,267,51,20,4
p06,2020-01-29,15027.0,570,442,41,16,4
p06,2020-01-30,19324.0,505,298,103,97,4
p06,2020-01-31,20418.0,520,411,37,64,4
p06,2020-02-01,6750.0,738,220,12,15,1
p06,2020-02-02,10674.0,562,279,18,52,3
p06,2020-02-03,14075.0,612,389,21,50,4
p06,2020-02-04,15168.0,596,304,86,62,4
p06,2020-02-05,17656.0,623,331,72,66,4
p06,2020-02-06,23201.0,380,441,69,92,4
p06,2020-02-07,11461.0,647,284,58,57,3
p06,2020-02-08,6688.0,609,315,0,0,1
p06,2020-02-09,11882.0,598,313,7,40,3
p06,2020-02-10,14296.0,599,379,37,50,4
p06,2020-02-11,23778.0,529,382,68,94,4
p06,2020-02-12,13367.0,591,421,21,10,2
p06,2020-02-13,16553.0,558,458,28,24,4
p06,2020-02-14,15395.0,502,401,55,25,4
p06,2020-02-15,6220.0,735,278,0,0,1
p06,2020-02-16,9840.0,515,373,11,15,2
p06,2020-02-17,16697.0,693,327,19,62,4
p06,2020-02-18,18417.0,473,415,62,48,4
p06,2020-02-19,11235.0,644,297,26,36,3
p06,2020-02-20,14733.0,611,369,33,52,4
p06,2020-02-21,21907.0,513,324,101,95,4
p06,2020-02-22,11523.0,585,323,29,27,3
p06,2020-02-23,10247.0,654,353,11,21,3
p06,2020-02-24,18858.0,566,377,22,60,4
p06,2020-02-25,13538.0,555,268,72,63,4
p06,2020-02-26,17659.0,524,359,21,67,4
p06,2020-02-27,20871.0,521,441,31,48,4
p06,2020-02-28,14736.0,543,497,31,9,3
p06,2020-02-29,8254.0,675,192,48,38,2
p06,2020-03-01,6465.0,617,286,0,0,1
p06,2020-03-02,13185.0,529,360,40,42,4
p06,2020-03-03,14399.0,563,403,31,28,4
p06,2020-03-04,26124.0,881,468,24,67,4
p06,2020-03-05,13892.0,713,288,34,31,4
p06,2020-03-06,17486.0,512,386,49,42,4
p06,2020-03-07,9065.0,626,385,0,0,2
p06,2020-03-08,4867.0,661,267,0,0,0
p06,2020-03-09,24194.0,451,431,14,86,4
p06,2020-03-10,16479.0,537,459,18,16,3
p06,2020-03-11,18553.0,602,363,38,70,4
p06,2020-03-12,15869.0,599,398,30,20,4
p06,2020-03-13,19075.0,478,458,61,41,4
p06,2020-03-14,6819.0,809,181,15,20,1
p06,2020-03-15,2782.0,662,182,0,0,0
p06,2020-03-16,17433.0,562,408,47,17,4
p06,2020-03-17,14218.0,595,393,43,7,4
p06,2020-03-18,15606.0,562,313,70,49,4
p06,2020-03-19,15483.0,668,456,22,4,2
p06,2020-03-20,13851.0,590,416,26,11,3
p06,2020-03-21,16478.0,623,349,36,71,4
p06,2020-03-22,9512.0,515,425,0,0,2
p06,2020-03-23,19509.0,470,504,70,43,4
p06,2020-03-24,12330.0,670,351,8,7,1
p06,2020-03-25,13209.0,613,403,23,16,4
p06,2020-03-26,21661.0,467,436,63,56,4
p06,2020-03-27,10031.0,701,315,16,16,3
p06,2020-03-28,8162.0,645,284,8,18,2
p06,2020-03-29,4358.0,795,243,0,0,0
p06,2020-03-30,18820.0,535,392,31,53,4
p06,2020-03-31,14243.0,579,475,16,14,3
p07,2019-11-05,14243.0,1440,0,0,0,4
p07,2019-11-06,9370.0,1270,82,23,65,2
p07,2019-11-07,19979.0,563,226,21,105,4
p07,2019-11-08,9614.0,660,224,9,29,2
p07,2019-11-09,28445.0,383,243,16,324,4
p07,2019-11-10,6203.0,1240,189,5,6,1
p07,2019-11-11,17453.0,637,154,45,98,4
p07,2019-11-12,7921.0,709,194,19,4,1
p07,2019-11-13,19280.0,600,234,13,75,4
p07,2019-11-14,15531.0,661,180,8,80,4
p07,2019-11-15,19813.0,508,287,29,54,4
p07,2019-11-16,14579.0,513,259,41,139,4
p07,2019-11-17,21765.0,744,171,9,112,4
p07,2019-11-18,10932.0,709,140,27,69,3
p07,2019-11-19,14873.0,596,210,12,59,4
p07,2019-11-20,19472.0,644,157,35,93,4
p07,2019-11-21,18312.0,517,218,21,94,4
p07,2019-11-22,9074.0,830,237,13,9,2
p07,2019-11-23,11397.0,623,242,14,30,3
p07,2019-11-24,19537.0,855,216,1,86,4
p07,2019-11-25,13398.0,537,201,7,49,4
p07,2019-11-26,16422.0,538,255,21,63,4
p07,2019-11-27,15625.0,648,221,4,56,4
p07,2019-11-28,13232.0,685,211,16,66,4
p07,2019-11-29,9231.0,665,298,5,6,1
p07,2019-11-30,15790.0,694,239,28,90,4
p07,2019-12-01,31707.0,545,184,28,171,4
p07,2019-12-02,30035.0,344,322,49,149,4
p07,2019-12-03,16270.0,582,264,24,58,4
p07,2019-12-04,17440.0,591,206,18,64,4
p07,2019-12-05,21781.0,538,340,10,74,4
p07,2019-12-06,22630.0,455,329,17,91,4
p07,2019-12-07,18632.0,622,367,3,57,4
p07,2019-12-08,30416.0,706,203,13,153,4
p07,2019-12-09,17470.0,506,207,29,112,4
p07,2019-12-10,18436.0,610,242,43,88,4
p07,2019-12-11,15245.0,635,206,2,56,4
p07,2019-12-12,29998.0,356,407,52,138,4
p07,2019-12-13,21029.0,448,357,30,101,4
p07,2019-12-14,18222.0,571,224,14,77,4
p07,2019-12-15,20183.0,582,196,29,118,4
p07,2019-12-16,23522.0,491,363,14,80,4
p07,2019-12-17,28754.0,326,480,21,86,4
p07,2019-12-18,20818.0,584,267,15,75,4
p07,2019-12-19,23077.0,486,358,30,98,4
p07,2019-12-20,19588.0,729,276,23,57,4
p07,2019-12-21,16151.0,582,284,29,55,4
p07,2019-12-22,7406.0,675,271,0,0,1
p07,2019-12-23,12491.0,554,296,36,40,3
p07,2019-12-24,17564.0,552,284,0,72,4
p07,2019-12-25,10460.0,716,248,36,29,3
p07,2019-12-26,15184.0,549,257,49,82,4
p07,2019-12-27,18456.0,516,275,14,73,4
p07,2019-12-28,14550.0,652,226,11,64,4
p07,2019-12-29,8846.0,712,214,2,14,2
p07,2019-12-30,20974.0,482,287,27,79,4
p07,2019-12-31,15055.0,548,348,15,61,4
p07,2020-01-01,14003.0,717,276,9,47,4
p07,2020-01-02,15983.0,526,278,15,59,4
p07,2020-01-03,4838.0,638,212,0,0,0
p07,2020-01-04,22969.0,560,204,39,93,4
p07,2020-01-05,2658.0,1043,146,0,0,0
p07,2020-01-06,4380.0,772,151,0,0,0
p07,2020-01-07,4684.0,604,139,14,8,0
p07,2020-01-08,12645.0,574,223,17,36,4
p07,2020-01-09,12193.0,545,220,17,36,3
p07,2020-01-10,9793.0,613,317,0,0,2
p07,2020-01-11,12598.0,610,272,52,37,4
p07,2020-01-12,11096.0,600,330,3,11,1
p07,2020-01-13,14040.0,349,254,36,86,4
p07,2020-01-14,16414.0,597,270,18,50,4
p07,2020-01-15,13188.0,580,260,29,60,4
p07,2020-01-16,17111.0,1131,207,18,84,4
p07,2020-01-17,16374.0,608,228,2,55,4
p07,2020-01-18,19165.0,582,260,25,82,4
p07,2020-01-19,11050.0,735,348,2,8,1
p07,2020-01-20,18419.0,396,268,39,71,4
p07,2020-01-21,20977.0,599,251,21,80,4
p07,2020-01-22,18415.0,599,215,49,83,4
p07,2020-01-23,23137.0,458,304,82,92,4
p07,2020-01-24,12725.0,545,270,49,55,4
p07,2020-01-25,17460.0,572,279,37,80,4
p07,2020-01-26,12824.0,497,263,51,45,4
p07,2020-01-27,19564.0,590,297,16,77,4
p07,2020-01-28,20089.0,559,290,27,73,4
p07,2020-01-29,20035.0,596,217,38,85,4
p07,2020-01-30,18376.0,673,284,9,65,4
p07,2020-01-31,18378.0,603,243,23,73,4
p07,2020-02-01,19582.0,509,250,18,82,4
p07,2020-02-02,15201.0,645,266,26,55,4
p07,2020-02-03,11216.0,611,236,28,45,3
p07,2020-02-04,20606.0,556,257,21,75,4
p07,2020-02-05,14532.0,598,269,13,51,4
p07,2020-02-06,14395.0,571,297,65,66,4
p07,2020-02-07,22472.0,503,277,36,86,4
p07,2020-02-08,21255.0,617,263,32,85,4
p07,2020-02-09,14359.0,500,278,73,87,4
p07,2020-02-10,19868.0,600,273,9,69,4
p07,2020-02-11,18162.0,550,287,14,79,4
p07,2020-02-12,20221.0,615,246,11,69,4
p07,2020-02-13,18706.0,547,248,27,106,4
p07,2020-02-14,15511.0,529,236,28,53,4
p07,2020-02-15,16321.0,552,338,43,75,4
p07,2020-02-16,13991.0,844,302,24,62,4
p07,2020-02-17,16192.0,622,197,19,64,4
p07,2020-02-18,17894.0,576,207,33,72,4
p07,2020-02-19,16755.0,507,270,56,85,4
p07,2020-02-20,14690.0,707,130,21,70,4
p07,2020-02-21,14177.0,1199,108,41,92,4
p07,2020-02-22,17658.0,516,295,10,75,4
p07,2020-02-23,17626.0,661,255,22,78,4
p07,2020-02-24,18708.0,518,258,28,75,4
p07,2020-02-25,20387.0,506,281,48,98,4
p07,2020-02-26,18638.0,623,226,16,72,4
p07,2020-02-27,18541.0,413,243,42,87,4
p07,2020-02-28,19354.0,604,198,21,91,4
p07,2020-02-29,18500.0,366,360,52,104,4
p07,2020-03-01,11447.0,960,181,67,41,3
p07,2020-03-02,7956.0,465,299,0,0,2
p07,2020-03-03,11655.0,561,294,28,40,3
p07,2020-03-04,12329.0,586,229,59,64,3
p07,2020-03-05,15459.0,569,308,43,46,4
p07,2020-03-06,7428.0,716,287,7,5,1
p07,2020-03-07,9694.0,708,275,11,19,2
p07,2020-03-08,14301.0,743,290,71,80,4
p07,2020-03-09,9040.0,585,227,9,6,1
p07,2020-03-10,8661.0,622,218,17,13,2
p07,2020-03-11,19547.0,539,256,32,76,4
p07,2020-03-12,17177.0,556,238,14,67,4
p07,2020-03-13,13408.0,745,274,3,49,4
p07,2020-03-14,13755.0,607,242,12,49,4
p07,2020-03-15,5353.0,735,262,0,0,1
p07,2020-03-16,12271.0,641,183,5,60,3
p07,2020-03-17,15290.0,714,126,7,79,4
p07,2020-03-18,14934.0,622,173,5,69,4
p07,2020-03-19,10190.0,592,257,31,53,3
p07,2020-03-20,12551.0,710,152,3,63,4
p07,2020-03-21,21638.0,442,367,14,79,4
p07,2020-03-22,7912.0,676,329,0,0,2
p07,2020-03-23,12148.0,611,190,3,72,3
p07,2020-03-24,18611.0,549,225,21,94,4
p07,2020-03-25,3931.0,627,261,7,2,0
p07,2020-03-26,17300.0,563,273,43,74,4
p07,2020-03-27,20674.0,350,575,73,15,4
p07,2020-03-28,11656.0,467,465,4,9,1
p07,2020-03-29,1720.0,1325,115,0,0,0
p07,2020-03-30,8806.0,496,296,42,15,2
p07,2020-03-31,13805.0,387,170,2,67,4
p08,2019-11-10,13805.0,1440,0,0,0,4
p08,2019-11-11,14174.0,1191,159,9,81,4
p08,2019-11-12,24821.0,566,209,21,159,4
p08,2019-11-13,11012.0,647,269,10,30,3
p08,2019-11-14,19199.0,635,199,44,96,4
p08,2019-11-15,13145.0,613,184,44,99,4
p08,2019-11-16,15805.0,546,130,33,111,4
p08,2019-11-17,20656.0,573,201,7,106,4
p08,2019-11-18,17151.0,614,213,32,78,4
p08,2019-11-19,17937.0,601,238,28,84,4
p08,2019-11-20,19813.0,590,194,51,116,4
p08,2019-11-21,16706.0,599,281,6,59,4
p08,2019-11-22,11921.0,645,178,40,85,3
p08,2019-11-23,23972.0,226,193,151,226,4
p08,2019-11-24,20468.0,567,268,108,131,4
p08,2019-11-25,19289.0,578,240,51,74,4
p08,2019-11-26,17322.0,618,217,39,80,4
p08,2019-11-27,19828.0,588,194,21,125,4
p08,2019-11-28,22844.0,516,230,60,135,4
p08,2019-11-29,14600.0,648,258,27,57,4
p08,2019-11-30,20736.0,471,240,49,129,4
p08,2019-12-01,29456.0,496,253,19,163,4
p08,2019-12-02,24322.0,495,325,24,113,4
p08,2019-12-03,18682.0,581,223,26,105,4
p08,2019-12-04,20827.0,641,176,25,122,4
p08,2019-12-05,11971.0,653,179,25,69,3
p08,2019-12-06,12445.0,614,197,36,84,3
p08,2019-12-07,16678.0,567,276,75,110,4
p08,2019-12-08,28359.0,486,185,22,169,4
p08,2019-12-09,17406.0,544,240,62,95,4
p08,2019-12-10,17234.0,704,243,16,82,4
p08,2019-12-11,18289.0,508,201,27,108,4
p08,2019-12-12,22473.0,546,282,20,106,4
p08,2019-12-13,1636.0,910,49,0,0,0
p08,2019-12-14,1636.0,1440,0,0,0,0
p08,2019-12-15,1636.0,1440,0,0,0,0
p08,2019-12-16,1636.0,1440,0,0,0,0
p08,2019-12-17,12512.0,1231,112,30,67,4
p08,2019-12-18,15660.0,640,256,9,57,4
p08,2019-12-19,19479.0,300,376,165,117,4
p08,2019-12-20,11564.0,497,259,87,70,3
p08,2019-12-21,33649.0,354,276,85,234,4
p08,2019-12-22,16694.0,443,276,44,77,4
p08,2019-12-23,22054.0,427,268,52,109,4
p08,2019-12-24,12261.0,579,299,35,98,3
p08,2019-12-25,3477.0,696,142,0,0,0
p08,2019-12-26,10089.0,1222,174,3,41,3
p08,2019-12-27,16800.0,503,219,16,76,4
p08,2019-12-28,10655.0,564,341,33,16,3
p08,2019-12-29,14090.0,474,227,52,96,4
p08,2019-12-30,13145.0,626,127,12,71,4
p08,2019-12-31,11431.0,575,232,21,49,3
p08,2020-01-01,21961.0,600,146,89,152,4
p08,2020-01-02,13047.0,706,166,7,62,4
p08,2020-01-03,9298.0,1170,241,18,11,2
p08,2020-01-04,24885.0,497,227,42,136,4
p08,2020-01-05,13328.0,669,196,12,79,4
p08,2020-01-06,13764.0,624,265,24,62,4
p08,2020-01-07,17754.0,660,209,24,81,4
p08,2020-01-08,7713.0,651,202,23,74,2
p08,2020-01-09,13620.0,662,201,10,66,4
p08,2020-01-10,24950.0,511,225,25,147,4
p08,2020-01-11,5520.0,587,225,20,21,1
p08,2020-01-12,1561.0,983,112,0,0,0
p08,2020-01-13,999.0,673,67,0,0,0
p08,2020-01-14,1792.0,791,132,0,0,0
p08,2020-01-15,7088.0,570,206,3,6,1
p08,2020-01-16,5668.0,695,194,0,0,1
p08,2020-01-17,9761.0,647,234,18,12,2
p08,2020-01-18,9302.0,532,148,1,63,2
p08,2020-01-19,10593.0,611,147,15,59,3
p08,2020-01-20,5152.0,749,201,0,0,1
p08,2020-01-21,17177.0,553,257,37,93,4
p08,2020-01-22,6205.0,592,284,0,0,1
p08,2020-01-23,18216.0,534,278,30,105,4
p08,2020-01-24,7483.0,730,209,18,8,1
p08,2020-01-25,10921.0,605,265,27,36,3
p08,2020-01-26,39835.0,350,275,55,336,4
p08,2020-01-27,10823.0,649,277,55,27,3
p08,2020-01-28,20973.0,372,315,189,155,4
p08,2020-01-29,14226.0,496,282,79,115,4
p08,2020-01-30,8324.0,834,248,17,11,2
p08,2020-01-31,14983.0,620,215,5,64,4
p08,2020-02-01,16555.0,581,157,20,113,4
p08,2020-02-02,16201.0,500,203,20,82,4
p08,2020-02-03,19830.0,586,246,26,98,4
p08,2020-02-04,18381.0,627,208,23,102,4
p08,2020-02-05,12670.0,586,277,24,41,4
p08,2020-02-06,18047.0,608,194,22,116,4
p08,2020-02-07,23542.0,489,266,16,142,4
p08,2020-02-08,21989.0,440,199,55,140,4
p08,2020-02-09,33775.0,446,181,45,240,4
p08,2020-02-10,18113.0,599,254,26,80,4
p08,2020-02-11,20973.0,511,263,37,109,4
p08,2020-02-12,21001.0,520,296,22,96,4
p08,2020-02-13,15761.0,653,232,17,73,4
p08,2020-02-14,17383.0,586,287,20,95,4
p08,2020-02-15,15634.0,620,196,12,71,4
p08,2020-02-16,18899.0,490,280,11,119,4
p08,2020-02-17,21566.0,459,402,27,71,4
p08,2020-02-18,18045.0,614,194,25,97,4
p08,2020-02-19,10859.0,658,262,15,22,3
p08,2020-02-20,20914.0,491,368,24,72,4
p08,2020-02-21,29910.0,455,341,75,176,4
p08,2020-02-22,5226.0,769,173,2,12,1
p08,2020-02-23,27158.0,457,136,35,220,4
p08,2020-02-24,20088.0,482,328,47,86,4
p08,2020-02-25,25237.0,547,182,43,155,4
p08,2020-02-26,18331.0,794,216,17,87,4
p08,2020-02-27,18461.0,566,260,40,84,4
p08,2020-02-28,21571.0,557,198,38,144,4
p08,2020-02-29,14835.0,561,162,10,97,4
p08,2020-03-01,13732.0,522,168,48,96,4
p08,2020-03-02,17074.0,582,295,19,70,4
p08,2020-03-03,15442.0,643,223,24,80,4
p08,2020-03-04,22005.0,516,309,17,95,4
p08,2020-03-05,16927.0,508,283,27,92,4
p08,2020-03-06,19224.0,515,324,24,90,4
p08,2020-03-07,18189.0,562,211,27,128,4
p08,2020-03-08,16914.0,519,212,38,186,4
p08,2020-03-09,19262.0,498,302,39,97,4
p08,2020-03-10,17394.0,535,243,24,97,4
p08,2020-03-11,12738.0,569,216,17,38,4
p08,2020-03-12,24172.0,449,271,49,148,4
p08,2020-03-13,11473.0,649,160,3,58,3
p08,2020-03-14,10628.0,1090,255,35,60,3
p08,2020-03-15,19890.0,484,214,9,110,4
p08,2020-03-16,10972.0,672,224,5,47,3
p08,2020-03-17,19076.0,645,217,4,90,4
p08,2020-03-18,12308.0,727,163,4,60,3
p08,2020-03-19,18096.0,673,132,6,97,4
p08,2020-03-20,12536.0,719,120,1,63,4
p08,2020-03-21,20021.0,1084,185,36,135,4
p08,2020-03-22,15709.0,603,142,1,81,4
p08,2020-03-23,10083.0,618,202,26,86,3
p08,2020-03-24,14324.0,726,167,2,81,4
p08,2020-03-25,12520.0,614,174,5,117,4
p08,2020-03-26,13005.0,743,143,5,67,4
p08,2020-03-27,10948.0,700,100,21,120,3
p08,2020-03-28,21355.0,523,175,3,112,4
p08,2020-03-29,5111.0,600,127,15,121,1
p08,2020-03-30,22280.0,668,179,7,125,4
p08,2020-03-31,7519.0,665,169,15,95,2
p09,2019-11-01,4014.0,931,121,0,0,0
p09,2019-11-02,2775.0,1372,68,0,0,0
p09,2019-11-03,9663.0,746,219,14,31,2
p09,2019-11-04,6140.0,874,199,0,0,1
p09,2019-11-05,5704.0,834,163,4,6,1
p09,2019-11-06,6801.0,713,189,0,0,1
p09,2019-11-07,6189.0,816,200,0,0,1
p09,2019-11-08,2186.0,512,98,9,1,0
p09,2019-11-09,8016.0,564,210,76,25,2
p09,2019-11-10,4746.0,1254,111,28,47,0
p09,2019-11-11,319.0,652,20,0,0,0
p09,2019-11-12,5992.0,924,202,5,4,1
p09,2019-11-13,3210.0,785,41,6,22,0
p09,2019-11-14,5347.0,852,163,0,0,1
p09,2019-11-15,12562.0,591,261,9,40,4
p09,2019-11-16,5634.0,536,165,50,34,1
p09,2019-11-17,1725.0,679,119,18,0,0
p09,2019-11-18,352.0,846,30,0,0,0
p09,2019-11-19,459.0,759,39,0,0,0
p09,2019-11-20,6596.0,847,219,6,3,1
p09,2019-11-21,4687.0,779,133,5,5,0
p09,2019-11-22,8587.0,596,245,33,15,2
p09,2019-11-23,3245.0,776,67,2,14,0
p09,2019-11-24,354.0,879,23,0,0,0
p09,2019-11-25,3865.0,943,125,7,2,0
p09,2019-11-26,4027.0,816,135,0,0,0
p09,2019-11-27,5725.0,697,143,9,2,1
p09,2019-11-28,5065.0,791,172,10,0,1
p09,2019-11-29,13118.0,515,249,42,40,4
p09,2019-11-30,11517.0,687,223,25,46,3
p09,2019-12-01,3522.0,1349,70,2,19,0
p09,2019-12-02,6806.0,774,176,2,8,1
p09,2019-12-03,9594.0,870,100,25,53,2
p09,2019-12-04,4644.0,882,130,0,0,0
p09,2019-12-05,7357.0,493,210,26,13,1
p09,2019-12-06,5747.0,993,121,11,10,1
p09,2019-12-07,8886.0,505,130,34,25,2
p09,2019-12-08,5117.0,653,155,18,24,1
p09,2019-12-09,4124.0,760,126,0,0,0
p09,2019-12-10,4132.0,567,96,17,11,0
p09,2019-12-11,888.0,876,50,0,0,0
p09,2019-12-12,3619.0,656,138,6,2,0
p09,2019-12-13,10448.0,744,218,24,33,3
p09,2019-12-14,10388.0,757,276,19,19,3
p09,2019-12-15,10697.0,620,203,21,32,3
p09,2019-12-16,4854.0,697,69,13,8,0
p09,2019-12-17,5826.0,826,185,11,3,1
p09,2019-12-18,10409.0,863,232,16,11,2
p09,2019-12-19,5280.0,780,104,2,13,1
p09,2019-12-20,4436.0,936,146,0,0,0
p09,2019-12-21,8430.0,873,130,33,47,2
p09,2019-12-22,6022.0,825,177,14,19,1
p09,2019-12-23,9549.0,903,135,15,27,2
p09,2019-12-24,5233.0,301,147,25,14,1
p09,2019-12-25,4785.0,777,221,4,7,0
p09,2019-12-26,5679.0,480,218,14,8,1
p09,2019-12-27,3147.0,736,151,5,1,0
p09,2019-12-28,5371.0,601,113,11,17,1
p09,2019-12-29,2271.0,789,84,0,0,0
p09,2019-12-30,8260.0,473,192,4,7,1
p09,2019-12-31,9176.0,1261,134,12,33,2
p09,2020-01-01,6234.0,800,151,16,25,1
p09,2020-01-02,165.0,1430,10,0,0,0
p09,2020-01-03,5755.0,778,145,4,8,1
p09,2020-01-04,8699.0,834,271,9,0,2
p09,2020-01-05,6554.0,633,219,12,22,1
p09,2020-01-06,1312.0,818,57,0,0,0
p09,2020-01-07,11237.0,787,151,26,53,3
p09,2020-01-08,10725.0,672,199,27,32,3
p09,2020-01-09,4836.0,835,145,13,14,0
p09,2020-01-10,7009.0,615,238,13,5,1
p09,2020-01-11,13537.0,450,405,82,80,4
p09,2020-01-12,10405.0,671,303,56,18,3
p09,2020-01-13,2873.0,539,94,12,1,0
p09,2020-01-14,284.0,968,29,0,0,0
p09,2020-01-15,8608.0,762,239,7,6,1
p09,2020-01-16,4151.0,795,101,12,7,0
p09,2020-01-17,8330.0,779,213,8,28,2
p09,2020-01-18,9195.0,556,273,15,1,1
p09,2020-01-19,30406.0,690,149,64,258,4
p09,2020-01-20,1164.0,589,55,0,0,0
p09,2020-01-21,6124.0,979,176,6,14,1
p09,2020-01-22,7203.0,1284,124,4,28,1
p09,2020-01-23,5302.0,1324,81,12,23,1
p09,2020-01-24,8010.0,900,199,8,24,2
p09,2020-01-25,8447.0,691,216,18,28,2
p09,2020-01-26,11427.0,717,187,13,60,3
p09,2020-01-27,6108.0,864,107,9,26,1
p09,2020-01-28,13.0,767,5,0,0,0
p09,2020-01-29,3354.0,768,128,0,0,0
p09,2020-01-30,10313.0,888,243,14,20,3
p09,2020-01-31,1139.0,836,42,0,0,0
p09,2020-02-01,18884.0,703,210,21,71,4
p09,2020-02-02,11896.0,704,147,27,105,3
p09,2020-02-03,3497.0,866,100,5,3,0
p09,2020-02-04,3743.0,899,112,0,0,0
p09,2020-02-05,9208.0,829,242,0,0,2
p09,2020-02-06,7798.0,838,276,15,1,1
p09,2020-02-07,4091.0,858,102,0,0,0
p09,2020-02-08,19.0,1440,0,0,0,0
p09,2020-02-09,3396.0,862,111,0,0,0
p09,2020-02-10,5310.0,961,73,14,22,1
p09,2020-02-11,5886.0,948,129,11,6,1
p09,2020-02-12,8447.0,674,138,1,13,1
p09,2020-02-13,4751.0,917,125,3,6,0
p09,2020-02-14,11276.0,733,279,9,13,2
p09,2020-02-15,4420.0,911,134,19,4,0
p09,2020-02-16,0.0,949,0,0,0,0
p09,2020-02-17,29.0,705,4,0,0,0
p09,2020-02-18,4087.0,814,113,8,0,0
p09,2020-02-19,6449.0,1240,188,8,4,1
p09,2020-02-20,5650.0,1288,136,12,4,1
p09,2020-02-21,4509.0,764,139,16,7,0
p09,2020-02-22,14332.0,1204,139,32,65,4
p09,2020-02-23,11455.0,770,197,30,88,3
p09,2020-02-24,5331.0,866,160,0,0,1
p09,2020-02-25,9062.0,619,301,34,19,2
p09,2020-02-26,3619.0,824,134,9,0,0
p09,2020-02-27,72.0,710,10,0,0,0
p09,2020-02-28,6726.0,1238,176,18,8,1
p09,2020-02-29,12012.0,594,365,60,22,3
p09,2020-03-01,5067.0,731,176,4,8,1
p09,2020-03-02,5604.0,734,176,28,3,1
p09,2020-03-03,3437.0,982,107,0,0,0
p09,2020-03-04,5935.0,705,144,9,14,1
p09,2020-03-05,3325.0,756,124,0,0,0
p09,2020-03-06,885.0,867,79,0,0,0
p09,2020-03-07,9524.0,567,155,56,68,2
p09,2020-03-08,10408.0,765,136,25,75,3
p09,2020-03-09,561.0,807,39,0,0,0
p09,2020-03-10,6066.0,1310,112,5,13,1
p09,2020-03-11,50.0,829,5,0,0,0
p09,2020-03-12,718.0,847,46,0,0,0
p09,2020-03-13,6924.0,635,178,13,13,1
p09,2020-03-13,6924.0,635,178,13,13,1
p09,2020-03-14,6924.0,1440,0,0,0,1
p09,2020-03-15,4625.0,1332,71,21,16,0
p09,2020-03-16,1874.0,676,66,7,17,0
p09,2020-03-17,5537.0,811,116,14,25,1
p09,2020-03-18,1564.0,1393,47,0,0,0
p09,2020-03-19,2038.0,744,119,0,0,0
p09,2020-03-20,17613.0,551,126,47,131,4
p09,2020-03-21,1338.0,832,123,0,0,0
p09,2020-03-22,953.0,607,63,0,0,0
p09,2020-03-23,238.0,736,29,0,0,0
p09,2020-03-24,470.0,1181,37,0,0,0
p09,2020-03-25,667.0,916,39,0,0,0
p09,2020-03-26,6150.0,698,78,22,30,1
p09,2020-03-27,492.0,855,41,0,0,0
p09,2020-03-28,3982.0,1130,132,49,22,0
p09,2020-03-29,1173.0,808,73,13,2,0
p09,2020-03-30,1070.0,748,67,0,0,0
p09,2020-03-31,454.0,998,40,0,0,0
p10,2019-11-05,454.0,1440,0,0,0,0
p10,2019-11-06,454.0,1440,0,0,0,0
p10,2019-11-07,9198.0,1309,30,39,62,2
p10,2019-11-08,9865.0,549,313,0,0,2
p10,2019-11-09,13397.0,617,232,24,52,4
p10,2019-11-10,15800.0,542,238,29,84,4
p10,2019-11-11,13096.0,508,389,9,0,4
p10,2019-11-12,11578.0,632,280,11,29,3
p10,2019-11-13,11769.0,656,307,8,12,2
p10,2019-11-14,6142.0,721,200,21,6,1
p10,2019-11-15,10273.0,750,252,11,18,3
p10,2019-11-16,16118.0,456,268,117,13,4
p10,2019-11-17,7542.0,632,266,15,11,2
p10,2019-11-18,9480.0,661,322,7,10,1
p10,2019-11-19,11716.0,545,284,13,21,3
p10,2019-11-20,14211.0,640,424,5,3,4
p10,2019-11-21,10384.0,595,287,5,2,3
p10,2019-11-22,12639.0,719,215,22,36,4
p10,2019-11-23,15956.0,571,273,62,62,4
p10,2019-11-24,9351.0,520,266,15,13,2
p10,2019-11-25,8378.0,718,273,9,6,1
p10,2019-11-26,14863.0,560,419,4,9,1
p10,2019-11-27,2150.0,850,124,0,0,0
p10,2019-11-28,12326.0,633,292,34,14,3
p10,2019-11-29,13214.0,663,209,29,24,4
p10,2019-11-30,644.0,599,78,0,0,0
p10,2019-12-01,8346.0,1137,291,6,6,1
p10,2019-12-02,12684.0,554,377,6,7,1
p10,2019-12-03,10057.0,716,250,2,17,2
p10,2019-12-04,10880.0,707,208,21,45,3
p10,2019-12-05,12663.0,554,276,29,28,4
p10,2019-12-06,13972.0,533,363,38,23,4
p10,2019-12-07,17145.0,339,366,33,11,4
p10,2019-12-08,20193.0,469,343,48,68,4
p10,2019-12-09,9881.0,741,274,2,10,1
p10,2019-12-10,14911.0,572,258,33,50,4
p10,2019-12-11,6734.0,763,197,6,4,1
p10,2019-12-12,8419.0,681,223,26,8,2
p10,2019-12-13,21336.0,466,323,70,31,4
p10,2019-12-14,18638.0,434,295,91,36,4
p10,2019-12-15,8988.0,612,273,20,3,1
p10,2019-12-16,3440.0,524,153,0,0,0
p10,2019-12-17,6784.0,670,216,12,15,1
p10,2019-12-18,7009.0,690,264,8,2,1
p10,2019-12-19,11392.0,650,277,16,8,2
p10,2019-12-20,11941.0,540,304,12,8,1
p10,2019-12-21,15700.0,401,475,36,1,2
p10,2019-12-22,12972.0,533,337,8,20,3
p10,2019-12-23,16109.0,912,471,31,26,4
p10,2019-12-24,12134.0,541,275,30,6,2
p10,2019-12-25,2367.0,1301,139,0,0,0
p10,2019-12-26,4915.0,1197,231,10,2,0
p10,2019-12-27,9438.0,562,337,0,0,2
p10,2019-12-28,14184.0,476,361,48,21,4
p10,2019-12-29,13724.0,483,379,27,37,4
p10,2019-12-30,10563.0,427,358,11,9,1
p10,2019-12-31,11895.0,402,383,9,1,3
p10,2020-01-01,1026.0,585,67,0,0,0
p10,2020-01-02,15516.0,456,282,76,36,4
p10,2020-01-03,12517.0,1184,198,13,45,4
p10,2020-01-04,17854.0,1096,209,90,45,4
p10,2020-01-05,0.0,1430,10,0,0,0
p10,2020-01-06,12098.0,1155,232,9,44,3
p10,2020-01-07,10160.0,712,261,12,14,2
p10,2020-01-08,11295.0,627,367,16,1,1
p10,2020-01-09,4892.0,785,158,8,2,0
p10,2020-01-10,17244.0,1079,269,37,55,4
p10,2020-01-11,10608.0,674,189,26,40,3
p10,2020-01-12,12331.0,1175,189,36,40,3
p10,2020-01-13,14310.0,639,258,38,56,4
p10,2020-01-14,11479.0,596,256,12,32,3
p10,2020-01-15,8160.0,747,210,11,9,1
p10,2020-01-16,10730.0,757,181,4,25,3
p10,2020-01-17,8114.0,657,264,4,7,1
p10,2020-01-18,7731.0,591,251,37,11,2
p10,2020-01-19,11814.0,561,321,14,14,2
p10,2020-01-20,13921.0,1087,275,38,40,4
p10,2020-01-21,13855.0,615,248,34,55,4
p10,2020-01-22,9414.0,667,207,20,18,2
p10,2020-01-23,12283.0,645,244,27,41,3
p10,2020-01-24,9230.0,652,262,13,27,2
p10,2020-01-25,19225.0,516,252,46,74,4
p10,2020-01-26,15798.0,603,238,37,74,4
p10,2020-01-27,10003.0,643,280,23,46,3
p10,2020-01-28,10606.0,712,247,23,30,3
p10,2020-01-29,10134.0,695,241,8,16,2
p10,2020-01-30,12647.0,656,209,22,51,4
p10,2020-01-31,10562.0,753,251,18,12,2
p10,2020-02-01,22671.0,456,296,62,93,4
p10,2020-02-02,17885.0,509,299,15,74,4
p10,2020-02-03,10100.0,700,304,17,23,3
p10,2020-02-04,8597.0,603,209,47,42,2
p10,2020-02-05,11098.0,643,249,21,30,3
p10,2020-02-06,10308.0,576,324,32,10,3
p10,2020-02-07,15472.0,542,294,30,33,4
p10,2020-02-08,5667.0,752,155,28,25,1
p10,2020-02-09,16729.0,550,251,86,56,4
p10,2020-02-10,18227.0,570,343,59,41,4
p10,2020-02-11,9343.0,779,243,0,0,2
p10,2020-02-12,20445.0,1090,221,50,79,4
p10,2020-02-13,12133.0,695,218,16,49,3
p10,2020-02-14,12357.0,851,154,49,51,3
p10,2020-02-15,15458.0,1177,147,68,48,4
p10,2020-02-16,14045.0,520,249,14,65,4
p10,2020-02-17,11705.0,640,238,19,42,3
p10,2020-02-18,17129.0,496,270,30,77,4
p10,2020-02-19,15968.0,547,296,22,55,4
p10,2020-02-20,13922.0,520,320,8,41,4
p10,2020-02-21,17415.0,654,310,17,80,4
p10,2020-02-22,21384.0,451,332,42,75,4
p10,2020-02-23,11624.0,1104,287,31,18,3
p10,2020-02-24,15410.0,575,436,35,32,4
p10,2020-02-25,15405.0,540,344,37,34,4
p10,2020-02-26,14304.0,596,249,54,39,4
p10,2020-02-27,12867.0,587,299,35,29,4
p10,2020-02-28,632.0,860,34,0,0,0
p10,2020-02-29,632.0,1440,0,0,0,0
p10,2020-03-01,632.0,1440,0,0,0,0
p10,2020-03-02,632.0,1440,0,0,0,0
p10,2020-03-03,632.0,1440,0,0,0,0
p10,2020-03-04,632.0,1440,0,0,0,0
p10,2020-03-05,632.0,1440,0,0,0,0
p10,2020-03-06,632.0,1440,0,0,0,0
p10,2020-03-07,632.0,1440,0,0,0,0
p10,2020-03-08,632.0,1440,0,0,0,0
p10,2020-03-09,632.0,1440,0,0,0,0
p10,2020-03-10,632.0,1440,0,0,0,0
p10,2020-03-11,632.0,1440,0,0,0,0
p10,2020-03-12,632.0,1440,0,0,0,0
p10,2020-03-13,632.0,1440,0,0,0,0
p10,2020-03-14,632.0,1440,0,0,0,0
p10,2020-03-15,632.0,1440,0,0,0,0
p10,2020-03-16,632.0,1440,0,0,0,0
p10,2020-03-17,632.0,1440,0,0,0,0
p10,2020-03-18,632.0,1440,0,0,0,0
p10,2020-03-19,632.0,1440,0,0,0,0
p10,2020-03-20,632.0,1440,0,0,0,0
p10,2020-03-21,632.0,1440,0,0,0,0
p10,2020-03-22,632.0,1440,0,0,0,0
p10,2020-03-23,632.0,1440,0,0,0,0
p10,2020-03-24,632.0,1440,0,0,0,0
p10,2020-03-25,632.0,1440,0,0,0,0
p10,2020-03-26,632.0,1440,0,0,0,0
p10,2020-03-27,632.0,1440,0,0,0,0
p10,2020-03-28,632.0,1440,0,0,0,0
p10,2020-03-29,632.0,1440,0,0,0,0
p10,2020-03-30,632.0,1440,0,0,0,0
p10,2020-03-31,632.0,1440,0,0,0,0
p11,2019-11-01,632.0,1440,0,0,0,0
p11,2019-11-02,632.0,1440,0,0,0,0
p11,2019-11-03,632.0,1440,0,0,0,0
p11,2019-11-04,632.0,1440,0,0,0,0
p11,2019-11-05,632.0,1440,0,0,0,0
p11,2019-11-06,632.0,1440,0,0,0,0
p11,2019-11-07,632.0,1440,0,0,0,0
p11,2019-11-08,632.0,1440,0,0,0,0
p11,2019-11-09,632.0,1440,0,0,0,0
p11,2019-11-10,632.0,1440,0,0,0,0
p11,2019-11-11,0.0,1440,0,0,0,0
p11,2019-11-12,0.0,1440,0,0,0,0
p11,2019-11-13,0.0,1440,0,0,0,0
p11,2019-11-14,0.0,1440,0,0,0,0
p11,2019-11-15,21596.0,806,571,31,32,4
p11,2019-11-16,11560.0,488,334,42,19,3
p11,2019-11-17,2609.0,731,211,34,32,0
p11,2019-11-18,16007.0,628,325,8,47,4
p11,2019-11-19,7604.0,691,221,38,54,2
p11,2019-11-20,11893.0,645,275,97,6,3
p11,2019-11-21,22653.0,286,556,81,32,4
p11,2019-11-22,21624.0,399,595,14,14,2
p11,2019-11-23,17960.0,410,527,14,22,4
p11,2019-11-24,17195.0,513,254,21,77,4
p11,2019-11-25,8115.0,814,177,17,20,2
p11,2019-11-26,14344.0,601,206,41,81,4
p11,2019-11-27,13874.0,655,297,29,33,4
p11,2019-11-28,20110.0,654,182,60,119,4
p11,2019-11-29,14164.0,673,258,25,46,4
p11,2019-11-30,7667.0,527,290,13,6,1
p11,2019-12-01,8142.0,593,272,27,35,2
p11,2019-12-02,15265.0,697,228,21,69,4
p11,2019-12-03,11528.0,764,150,14,67,3
p11,2019-12-04,13374.0,693,189,15,70,4
p11,2019-12-05,19946.0,386,513,87,26,4
p11,2019-12-06,3324.0,823,193,0,0,0
p11,2019-12-07,8883.0,563,251,5,35,2
p11,2019-12-08,6033.0,667,202,6,6,1
p11,2019-12-09,8470.0,660,223,37,34,2
p11,2019-12-10,6579.0,746,196,4,6,1
p11,2019-12-11,22884.0,305,621,28,35,4
p11,2019-12-12,10954.0,431,426,35,41,3
p11,2019-12-13,4630.0,666,181,12,22,0
p11,2019-12-14,25631.0,527,510,49,61,4
p11,2019-12-15,12004.0,650,293,25,52,3
p11,2019-12-16,21262.0,410,559,16,20,4
p11,2019-12-17,13750.0,632,274,30,56,4
p11,2019-12-18,15139.0,536,473,0,0,4
p11,2019-12-19,19862.0,332,517,26,35,4
p11,2019-12-20,17849.0,269,502,41,11,4
p11,2019-12-21,16941.0,440,518,20,20,4
p11,2019-12-22,3350.0,684,191,7,13,0
p11,2019-12-23,8428.0,751,232,3,7,1
p11,2019-12-24,7402.0,740,184,7,29,1
p11,2019-12-25,3549.0,729,219,3,9,0
p11,2019-12-26,8897.0,740,171,17,38,2
p11,2019-12-27,3790.0,683,213,0,0,0
p11,2019-12-28,17923.0,285,569,60,18,4
p11,2019-12-29,11288.0,696,184,14,68,3
p11,2019-12-30,17595.0,354,528,51,10,4
p11,2019-12-31,8429.0,430,415,17,0,1
p11,2020-01-01,6572.0,703,243,17,28,1
p11,2020-01-02,27995.0,235,605,47,53,4
p11,2020-01-03,17121.0,422,512,37,33,4
p11,2020-01-04,15798.0,469,487,5,9,1
p11,2020-01-05,3500.0,664,226,0,0,0
p11,2020-01-06,18569.0,553,316,31,69,4
p11,2020-01-07,7673.0,736,251,6,3,2
p11,2020-01-08,15611.0,532,429,14,28,4
p11,2020-01-09,14725.0,594,258,27,64,4
p11,2020-01-10,8693.0,687,226,12,19,2
p11,2020-01-11,6316.0,653,292,3,7,1
p11,2020-01-12,7784.0,585,258,7,16,2
p11,2020-01-13,15459.0,672,236,30,74,4
p11,2020-01-14,11648.0,703,215,12,35,3
p11,2020-01-15,8299.0,717,186,16,43,2
p11,2020-01-16,12397.0,672,243,31,38,3
p11,2020-01-17,25173.0,346,534,19,62,4
p11,2020-01-18,17569.0,406,497,9,20,3
p11,2020-01-19,9128.0,590,218,12,19,2
p11,2020-01-20,10607.0,652,268,33,68,3
p11,2020-01-21,11421.0,659,214,10,75,3
p11,2020-01-22,9089.0,683,196,8,25,2
p11,2020-01-23,16862.0,343,492,20,39,4
p11,2020-01-24,11262.0,738,306,6,13,2
p11,2020-01-25,9743.0,489,149,28,331,2
p11,2020-01-26,17863.0,552,226,60,101,4
p11,2020-01-27,7847.0,719,248,11,10,2
p11,2020-01-28,7334.0,664,204,10,14,1
p11,2020-01-29,10488.0,666,236,21,30,3
p11,2020-01-30,21837.0,377,489,31,63,4
p11,2020-01-31,17140.0,492,482,21,8,2
p11,2020-02-01,16336.0,379,504,6,8,1
p11,2020-02-02,11730.0,702,206,45,31,3
p11,2020-02-03,8515.0,719,342,0,0,2
p11,2020-02-04,13513.0,517,234,14,69,4
p11,2020-02-05,7215.0,715,221,6,20,1
p11,2020-02-06,16921.0,400,490,12,24,4
p11,2020-02-07,8743.0,643,262,4,9,1
p11,2020-02-08,13756.0,557,252,79,113,4
p11,2020-02-09,6699.0,764,186,25,35,1
p11,2020-02-10,20762.0,333,505,32,86,4
p11,2020-02-11,7358.0,744,282,0,0,1
p11,2020-02-12,11139.0,702,241,86,14,3
p11,2020-02-13,10801.0,627,204,40,63,3
p11,2020-02-14,8941.0,798,228,5,6,1
p11,2020-02-15,18391.0,424,487,8,26,4
p11,2020-02-16,6023.0,628,208,15,14,1
p11,2020-02-17,10987.0,561,248,21,84,3
p11,2020-02-18,6469.0,717,150,13,35,1
p11,2020-02-19,17656.0,387,526,13,20,4
p11,2020-02-20,13176.0,666,279,21,65,4
p11,2020-02-21,14867.0,722,210,19,56,4
p11,2020-02-22,6757.0,742,214,3,6,1
p11,2020-02-23,9635.0,579,216,31,76,2
p11,2020-02-24,12761.0,629,276,22,45,4
p11,2020-02-25,8753.0,688,221,11,17,2
p11,2020-02-26,6878.0,692,289,0,0,1
p11,2020-02-27,20511.0,279,552,14,60,4
p11,2020-02-28,1668.0,730,127,0,0,0
p11,2020-02-29,22380.0,274,571,4,22,3
p11,2020-03-01,15979.0,583,249,43,110,4
p11,2020-03-02,7996.0,691,276,3,7,1
p11,2020-03-03,7515.0,704,186,8,12,2
p11,2020-03-04,10831.0,682,233,26,57,3
p11,2020-03-05,15097.0,500,415,24,36,4
p11,2020-03-06,5706.0,686,199,0,0,1
p11,2020-03-07,9353.0,554,325,11,9,1
p11,2020-03-08,2153.0,868,167,0,0,0
p11,2020-03-09,4904.0,821,159,0,0,0
p11,2020-03-10,6880.0,694,210,11,21,1
p11,2020-03-11,16385.0,611,248,23,83,4
p11,2020-03-12,21313.0,394,522,49,26,4
p11,2020-03-13,3950.0,861,52,10,17,0
p11,2020-03-14,3950.0,1440,0,0,0,0
p11,2020-03-15,3950.0,1440,0,0,0,0
p11,2020-03-16,3950.0,1440,0,0,0,0
p11,2020-03-17,3950.0,1440,0,0,0,0
p11,2020-03-18,3950.0,1440,0,0,0,0
p11,2020-03-19,3950.0,1440,0,0,0,0
p11,2020-03-20,3950.0,1440,0,0,0,0
p11,2020-03-21,3950.0,1440,0,0,0,0
p11,2020-03-22,3950.0,1440,0,0,0,0
p11,2020-03-23,3950.0,1440,0,0,0,0
p11,2020-03-24,3950.0,1440,0,0,0,0
p11,2020-03-25,3950.0,1440,0,0,0,0
p11,2020-03-26,3950.0,1440,0,0,0,0
p11,2020-03-27,3950.0,1440,0,0,0,0
p11,2020-03-28,3950.0,1440,0,0,0,0
p11,2020-03-29,3950.0,1440,0,0,0,0
p11,2020-03-30,3950.0,1440,0,0,0,0
p11,2020-03-31,3950.0,1440,0,0,0,0
p13,2019-11-01,3950.0,1440,0,0,0,0
p13,2019-11-02,3950.0,1440,0,0,0,0
p13,2019-11-03,3950.0,1440,0,0,0,0
p13,2019-11-04,3950.0,1440,0,0,0,0
p13,2019-11-05,3950.0,1440,0,0,0,0
p13,2019-11-06,3950.0,1440,0,0,0,0
p13,2019-11-07,3950.0,1440,0,0,0,0
p13,2019-11-08,3950.0,1440,0,0,0,0
p13,2019-11-09,3950.0,1440,0,0,0,0
p13,2019-11-10,3950.0,1440,0,0,0,0
p13,2019-11-11,15051.0,1127,189,46,48,4
p13,2019-11-12,15896.0,544,376,53,17,4
p13,2019-11-13,7230.0,943,155,9,12,1
p13,2019-11-14,9631.0,716,214,2,11,1
p13,2019-11-15,14562.0,543,319,37,33,4
p13,2019-11-16,14437.0,613,250,69,36,4
p13,2019-11-17,16003.0,408,416,65,2,4
p13,2019-11-18,18871.0,545,353,76,42,4
p13,2019-11-19,17125.0,550,429,31,19,4
p13,2019-11-20,13893.0,501,379,59,8,4
p13,2019-11-21,16814.0,578,299,56,61,4
p13,2019-11-22,20085.0,461,347,120,76,4
p13,2019-11-23,823.0,947,49,0,0,0
p13,2019-11-24,21119.0,407,496,58,32,4
p13,2019-11-25,17368.0,462,398,73,22,4
p13,2019-11-26,20929.0,496,377,98,48,4
p13,2019-11-27,24328.0,287,544,121,65,4
p13,2019-11-28,22289.0,439,242,209,79,4
p13,2019-11-29,9959.0,606,347,14,12,2
p13,2019-11-30,22558.0,296,354,142,92,4
p13,2019-12-01,22558.0,1439,1,0,0,4
p13,2019-12-02,22558.0,1440,0,0,0,4
p13,2019-12-03,22558.0,1440,0,0,0,4
p13,2019-12-04,22558.0,1440,0,0,0,4
p13,2019-12-05,22558.0,1440,0,0,0,4
p13,2019-12-06,22558.0,1440,0,0,0,4
p13,2019-12-07,22558.0,1440,0,0,0,4
p13,2019-12-08,22558.0,1440,0,0,0,4
p13,2019-12-09,6655.0,1185,163,21,10,1
p13,2019-12-10,11485.0,674,329,28,10,3
p13,2019-12-11,5534.0,755,213,6,11,1
p13,2019-12-12,10272.0,521,361,23,37,3
p13,2019-12-13,16394.0,536,291,44,89,4
p13,2019-12-14,15090.0,729,270,40,59,4
p13,2019-12-15,19092.0,641,187,37,37,4
p13,2019-12-16,8198.0,1172,253,14,1,1
p13,2019-12-17,8415.0,1192,171,70,7,2
p13,2019-12-18,9350.0,356,376,16,6,1
p13,2019-12-19,22013.0,204,354,179,71,4
p13,2019-12-20,25148.0,365,487,133,39,4
p13,2019-12-21,17831.0,393,356,124,52,4
p13,2019-12-22,13994.0,436,305,91,21,4
p13,2019-12-23,12387.0,531,241,73,48,3
p13,2019-12-24,12387.0,1440,0,0,0,3
p13,2019-12-25,12387.0,1440,0,0,0,3
p13,2019-12-26,12387.0,1440,0,0,0,3
p13,2019-12-27,4851.0,664,222,8,0,0
p13,2019-12-28,9400.0,705,289,12,22,2
p13,2019-12-29,805.0,716,42,0,0,0
p13,2019-12-30,805.0,1440,0,0,0,0
p13,2019-12-31,805.0,1440,0,0,0,0
p13,2020-01-01,1792.0,1373,67,0,0,0
p13,2020-01-02,16762.0,621,248,18,74,4
p13,2020-01-03,3617.0,847,122,0,0,0
p13,2020-01-04,1954.0,1343,97,0,0,0
p13,2020-01-05,3751.0,737,183,9,1,0
p13,2020-01-06,13189.0,509,251,80,67,4
p13,2020-01-07,13332.0,640,259,20,46,4
p13,2020-01-08,8074.0,719,220,9,12,2
p13,2020-01-09,7381.0,786,231,4,12,1
p13,2020-01-10,8602.0,706,260,3,11,1
p13,2020-01-11,7332.0,760,182,14,7,1
p13,2020-01-12,0.0,1440,0,0,0,0
p13,2020-01-13,0.0,1440,0,0,0,0
p13,2020-01-14,0.0,1440,0,0,0,0
p13,2020-01-15,0.0,1440,0,0,0,0
p13,2020-01-16,0.0,1440,0,0,0,0
p13,2020-01-17,0.0,1440,0,0,0,0
p13,2020-01-18,0.0,1440,0,0,0,0
p13,2020-01-19,2097.0,1342,98,0,0,0
p13,2020-01-20,2097.0,1440,0,0,0,0
p13,2020-01-21,2097.0,1440,0,0,0,0
p13,2020-01-22,2097.0,1440,0,0,0,0
p13,2020-01-23,2097.0,1440,0,0,0,0
p13,2020-01-24,477.0,1436,4,0,0,0
p13,2020-01-25,21284.0,443,368,29,98,4
p13,2020-01-26,18753.0,502,322,16,93,4
p13,2020-01-27,10270.0,659,355,7,4,1
p13,2020-01-28,5988.0,760,183,0,0,1
p13,2020-01-29,11335.0,564,283,13,16,3
p13,2020-01-30,2902.0,769,147,0,0,0
p13,2020-01-31,3806.0,1328,93,15,4,0
p13,2020-02-01,908.0,1397,34,7,2,0
p13,2020-02-02,10057.0,1048,353,26,13,3
p13,2020-02-03,11547.0,1091,258,59,32,3
p13,2020-02-04,6466.0,1229,194,12,5,1
p13,2020-02-05,6075.0,1253,187,0,0,1
p13,2020-02-06,6160.0,1203,186,38,13,1
p13,2020-02-07,6506.0,1225,181,22,12,1
p13,2020-02-08,40.0,1421,19,0,0,0
p13,2020-02-09,5347.0,1217,201,18,4,1
p13,2020-02-10,4724.0,1328,112,0,0,0
p13,2020-02-11,23.0,1419,9,1,11,0
p13,2020-02-12,6503.0,1259,181,0,0,1
p13,2020-02-13,7958.0,1190,240,2,8,1
p13,2020-02-14,8500.0,1248,154,22,16,2
p13,2020-02-15,38.0,1438,2,0,0,0
p13,2020-02-16,4931.0,1278,162,0,0,0
p13,2020-02-17,3543.0,1336,104,0,0,0
p13,2020-02-18,8646.0,1277,106,13,44,2
p13,2020-02-19,12552.0,1124,217,66,33,4
p13,2020-02-20,12552.0,1431,9,0,0,4
p13,2020-02-21,12552.0,1440,0,0,0,4
p13,2020-02-22,12552.0,1440,0,0,0,4
p13,2020-02-23,12552.0,1440,0,0,0,4
p13,2020-02-24,12552.0,1440,0,0,0,4
p13,2020-02-25,12552.0,1440,0,0,0,4
p13,2020-02-26,12552.0,1440,0,0,0,4
p13,2020-02-27,12552.0,1440,0,0,0,4
p13,2020-02-28,12552.0,1440,0,0,0,4
p13,2020-02-29,12552.0,1440,0,0,0,4
p13,2020-03-01,12552.0,1440,0,0,0,4
p13,2020-03-02,12552.0,1440,0,0,0,4
p13,2020-03-03,12552.0,1440,0,0,0,4
p13,2020-03-04,12552.0,1440,0,0,0,4
p13,2020-03-05,12552.0,1440,0,0,0,4
p13,2020-03-06,12552.0,1440,0,0,0,4
p13,2020-03-07,12552.0,1440,0,0,0,4
p13,2020-03-08,12552.0,1440,0,0,0,4
p13,2020-03-09,12552.0,1440,0,0,0,4
p13,2020-03-10,12552.0,1440,0,0,0,4
p13,2020-03-11,12552.0,1440,0,0,0,4
p13,2020-03-12,12552.0,1440,0,0,0,4
p13,2020-03-13,12552.0,1440,0,0,0,4
p13,2020-03-14,12552.0,1440,0,0,0,4
p13,2020-03-15,12552.0,1440,0,0,0,4
p13,2020-03-16,12552.0,1440,0,0,0,4
p13,2020-03-17,12552.0,1440,0,0,0,4
p13,2020-03-18,12552.0,1440,0,0,0,4
p13,2020-03-19,12552.0,1440,0,0,0,4
p13,2020-03-20,7204.0,1217,147,67,9,1
p13,2020-03-21,867.0,934,59,0,0,0
p13,2020-03-22,867.0,1440,0,0,0,0
p13,2020-03-23,867.0,1440,0,0,0,0
p13,2020-03-24,867.0,1440,0,0,0,0
p13,2020-03-25,867.0,1440,0,0,0,0
p13,2020-03-26,93.0,1434,6,0,0,0
p13,2020-03-27,93.0,1440,0,0,0,0
p13,2020-03-28,93.0,1440,0,0,0,0
p13,2020-03-29,93.0,1440,0,0,0,0
p13,2020-03-30,93.0,1440,0,0,0,0
p13,2020-03-31,93.0,1440,0,0,0,0
p14,2019-11-13,93.0,1440,0,0,0,0
p14,2019-11-14,8725.0,1266,133,23,18,2
p14,2019-11-15,16612.0,629,234,37,77,4
p14,2019-11-16,6010.0,373,173,13,10,1
p14,2019-11-17,8845.0,660,168,9,39,2
p14,2019-11-18,10527.0,682,139,28,48,3
p14,2019-11-19,16672.0,632,184,20,132,4
p14,2019-11-20,9928.0,549,142,19,42,2
p14,2019-11-21,6067.0,670,101,6,29,1
p14,2019-11-22,1146.0,826,65,0,0,0
p14,2019-11-23,17345.0,573,175,32,75,4
p14,2019-11-24,23292.0,376,192,42,124,4
p14,2019-11-25,5977.0,876,78,11,47,1
p14,2019-11-26,9814.0,557,133,32,61,2
p14,2019-11-27,10753.0,774,128,14,61,3
p14,2019-11-28,11064.0,759,164,9,46,3
p14,2019-11-29,514.0,819,36,0,0,0
p14,2019-11-30,514.0,1440,0,0,0,0
p14,2019-12-01,514.0,1440,0,0,0,0
p14,2019-12-02,16616.0,1105,172,54,109,4
p14,2019-12-03,10993.0,764,165,22,46,3
p14,2019-12-04,11020.0,679,223,12,30,3
p14,2019-12-05,7162.0,709,164,11,23,1
p14,2019-12-06,13555.0,650,231,15,41,4
p14,2019-12-07,12952.0,455,186,22,63,4
p14,2019-12-08,1223.0,935,70,0,0,0
p14,2019-12-09,9042.0,560,162,27,84,2
p14,2019-12-10,17335.0,694,163,41,103,4
p14,2019-12-11,10756.0,733,145,9,52,3
p14,2019-12-12,9290.0,578,112,8,51,2
p14,2019-12-13,17971.0,588,173,37,130,4
p14,2019-12-14,54.0,1215,5,0,0,0
p14,2019-12-15,54.0,1440,0,0,0,0
p14,2019-12-16,9089.0,969,148,9,37,2
p14,2019-12-17,9971.0,807,175,5,40,2
p14,2019-12-18,9373.0,724,128,14,50,2
p14,2019-12-19,4747.0,471,116,3,22,0
p14,2019-12-20,16968.0,467,202,41,71,4
p14,2019-12-21,15757.0,597,187,35,65,4
p14,2019-12-22,14911.0,552,146,48,62,4
p14,2019-12-23,6797.0,624,234,3,6,1
p14,2019-12-24,5368.0,670,185,0,0,1
p14,2019-12-25,14140.0,572,180,61,40,4
p14,2019-12-26,10475.0,549,261,7,33,3
p14,2019-12-27,12293.0,699,150,8,65,3
p14,2019-12-28,9953.0,667,179,10,26,2
p14,2019-12-29,8352.0,1247,165,6,22,2
p14,2019-12-30,9495.0,758,199,25,33,2
p14,2019-12-31,8441.0,739,198,45,16,2
p14,2020-01-01,7276.0,847,225,17,5,1
p14,2020-01-02,14414.0,827,205,16,30,4
p14,2020-01-03,9461.0,725,161,11,57,2
p14,2020-01-03,9461.0,725,161,11,57,2
p14,2020-01-04,2501.0,588,76,4,2,0
p14,2020-01-05,9759.0,1289,78,15,58,2
p14,2020-01-06,15513.0,580,150,47,83,4
p14,2020-01-07,11182.0,640,149,18,45,3
p14,2020-01-08,16395.0,480,161,17,68,4
p14,2020-01-09,18755.0,708,166,27,105,4
p14,2020-01-10,11099.0,496,132,21,58,3
p14,2020-01-11,17918.0,602,167,7,100,4
p14,2020-01-12,10707.0,743,65,38,47,3
p14,2020-01-13,9647.0,831,180,7,40,2
p14,2020-01-14,18400.0,495,169,25,124,4
p14,2020-01-15,17044.0,568,155,18,93,4
p14,2020-01-16,25773.0,625,197,44,136,4
p14,2020-01-17,14873.0,554,208,43,53,4
p14,2020-01-18,25060.0,520,96,36,159,4
p14,2020-01-19,14575.0,360,91,23,72,4
p14,2020-01-20,11051.0,789,173,6,39,3
p14,2020-01-21,21716.0,513,177,33,131,4
p14,2020-01-22,17775.0,764,172,8,79,4
p14,2020-01-23,19970.0,757,199,18,88,4
p14,2020-01-24,13903.0,634,149,16,66,4
p14,2020-01-25,7362.0,609,117,4,32,1
p14,2020-01-26,14724.0,579,108,24,84,4
p14,2020-01-27,10442.0,722,203,7,36,3
p14,2020-01-28,18829.0,601,132,44,106,4
p14,2020-01-29,6481.0,1059,42,12,42,1
p14,2020-01-30,13178.0,959,123,29,66,4
p14,2020-01-31,12282.0,1080,160,6,43,3
p14,2020-02-01,10650.0,1278,83,19,60,3
p14,2020-02-02,4595.0,544,84,14,17,0
p14,2020-02-03,11002.0,658,154,13,45,3
p14,2020-02-04,19215.0,1038,157,24,103,4
p14,2020-02-05,16118.0,1108,235,8,44,4
p14,2020-02-06,14674.0,719,125,20,80,4
p14,2020-02-07,10025.0,824,166,3,29,3
p14,2020-02-08,31077.0,462,168,73,172,4
p14,2020-02-09,17831.0,443,217,32,61,4
p14,2020-02-10,9144.0,1069,152,17,31,2
p14,2020-02-11,21822.0,540,125,30,131,4
p14,2020-02-12,11010.0,628,176,12,37,3
p14,2020-02-13,12294.0,886,140,9,49,3
p14,2020-02-14,16466.0,1098,189,4,80,4
p14,2020-02-15,7151.0,524,278,0,0,1
p14,2020-02-16,8378.0,1238,166,14,22,2
p14,2020-02-17,9508.0,623,153,9,33,2
p14,2020-02-18,20338.0,796,143,18,122,4
p14,2020-02-19,6034.0,729,115,7,22,1
p14,2020-02-20,18519.0,821,142,11,107,4
p14,2020-02-21,14916.0,814,73,8,90,4
p14,2020-02-22,6060.0,1343,66,6,25,1
p14,2020-02-23,6643.0,661,96,6,32,1
p14,2020-02-24,9472.0,622,91,19,59,2
p14,2020-02-25,11412.0,710,128,18,55,3
p14,2020-02-26,14534.0,606,122,17,82,4
p14,2020-02-27,9784.0,1262,128,9,41,2
p14,2020-02-28,19760.0,525,166,29,110,4
p14,2020-02-29,12973.0,574,117,16,64,4
p14,2020-03-01,204.0,866,11,0,0,0
p14,2020-03-02,204.0,1440,0,0,0,0
p14,2020-03-03,21941.0,1135,144,32,129,4
p14,2020-03-04,12857.0,721,124,22,60,4
p14,2020-03-05,372.0,838,17,0,0,0
p14,2020-03-06,16889.0,1138,220,15,67,4
p14,2020-03-07,285.0,897,11,0,0,0
p14,2020-03-08,30956.0,1049,184,31,176,4
p14,2020-03-09,19005.0,731,207,25,67,4
p14,2020-03-10,11645.0,802,185,22,25,3
p14,2020-03-11,9673.0,860,159,11,56,2
p14,2020-03-12,237.0,842,15,0,0,0
p14,2020-03-13,11953.0,1241,121,12,66,3
p14,2020-03-14,18203.0,599,101,14,108,4
p14,2020-03-15,8218.0,1332,51,8,49,2
p14,2020-03-16,46.0,923,3,0,0,0
p14,2020-03-17,6305.0,1341,51,7,41,1
p14,2020-03-18,2770.0,621,117,0,0,0
p14,2020-03-19,14346.0,809,119,17,90,4
p14,2020-03-20,2225.0,1067,113,0,0,0
p14,2020-03-21,18482.0,645,118,8,109,4
p14,2020-03-22,6888.0,815,67,5,38,1
p14,2020-03-23,5137.0,1193,108,1,25,1
p14,2020-03-24,7779.0,751,126,8,35,2
p14,2020-03-25,6400.0,680,59,4,36,1
p14,2020-03-26,6917.0,704,139,9,24,1
p14,2020-03-27,19622.0,620,118,20,127,4
p14,2020-03-28,3744.0,945,52,12,12,0
p14,2020-03-29,27173.0,601,154,22,150,4
p14,2020-03-30,1640.0,1024,83,0,0,0
p14,2020-03-31,8586.0,835,149,3,37,2
p15,2019-11-08,8586.0,1440,0,0,0,2
p15,2019-11-09,5186.0,1261,159,13,7,1
p15,2019-11-10,15235.0,481,237,42,125,4
p15,2019-11-11,13430.0,612,229,20,50,4
p15,2019-11-12,19036.0,661,201,16,99,4
p15,2019-11-13,15421.0,600,249,26,114,4
p15,2019-11-14,6507.0,740,215,7,10,1
p15,2019-11-15,11950.0,696,156,32,82,3
p15,2019-11-16,9443.0,693,213,19,44,2
p15,2019-11-17,14947.0,589,198,34,87,4
p15,2019-11-18,16353.0,637,240,44,80,4
p15,2019-11-19,11871.0,623,224,6,44,3
p15,2019-11-20,12089.0,629,183,16,109,3
p15,2019-11-21,15729.0,619,213,19,73,4
p15,2019-11-22,12649.0,625,256,24,90,4
p15,2019-11-23,18950.0,419,338,63,57,4
p15,2019-11-24,11003.0,841,166,12,49,3
p15,2019-11-25,12472.0,605,184,35,73,3
p15,2019-11-26,12602.0,648,225,18,80,4
p15,2019-11-27,9624.0,599,327,12,5,1
p15,2019-11-28,11908.0,629,191,14,70,3
p15,2019-11-29,11669.0,646,154,2,81,3
p15,2019-11-30,13488.0,635,206,15,82,4
p15,2019-12-01,10408.0,644,231,18,48,3
p15,2019-12-02,11133.0,636,273,12,61,3
p15,2019-12-03,9338.0,633,164,13,69,2
p15,2019-12-04,6417.0,765,189,2,10,1
p15,2019-12-05,16487.0,641,148,49,79,4
p15,2019-12-06,12803.0,704,239,23,72,4
p15,2019-12-07,10565.0,601,144,8,69,3
p15,2019-12-08,13271.0,564,221,18,65,4
p15,2019-12-09,16912.0,620,206,101,77,4
p15,2019-12-10,18728.0,606,198,22,93,4
p15,2019-12-11,14518.0,663,195,11,89,4
p15,2019-12-12,16456.0,676,162,10,91,4
p15,2019-12-13,5673.0,773,205,0,0,1
p15,2019-12-14,17569.0,581,256,27,63,4
p15,2019-12-15,13174.0,743,149,19,65,4
p15,2019-12-16,14587.0,539,174,27,128,4
p15,2019-12-17,19255.0,516,271,5,92,4
p15,2019-12-18,16951.0,665,221,34,94,4
p15,2019-12-19,21567.0,640,164,21,134,4
p15,2019-12-20,11000.0,709,138,33,107,3
p15,2019-12-21,23554.0,520,188,41,138,4
p15,2019-12-22,15790.0,616,164,9,135,4
p15,2019-12-23,20847.0,403,182,63,165,4
p15,2019-12-24,5759.0,554,265,0,0,1
p15,2019-12-25,19403.0,531,135,8,171,4
p15,2019-12-26,10691.0,499,239,31,46,3
p15,2019-12-27,16999.0,545,152,25,137,4
p15,2019-12-28,13861.0,598,168,21,112,4
p15,2019-12-29,8828.0,648,103,30,62,2
p15,2019-12-30,16041.0,622,190,9,127,4
p15,2019-12-31,14366.0,675,130,3,123,4
p15,2020-01-01,16394.0,634,158,16,143,4
p15,2020-01-02,7116.0,697,151,31,23,1
p15,2020-01-03,11031.0,709,176,6,74,3
p15,2020-01-04,7209.0,632,223,26,6,1
p15,2020-01-05,16883.0,480,147,38,88,4
p15,2020-01-06,15656.0,543,264,25,137,4
p15,2020-01-07,16709.0,689,198,23,84,4
p15,2020-01-08,12504.0,622,199,18,110,4
p15,2020-01-09,13082.0,601,239,12,60,4
p15,2020-01-10,10342.0,596,209,7,70,3
p15,2020-01-11,17138.0,528,217,39,134,4
p15,2020-01-12,14325.0,446,170,25,117,4
p15,2020-01-13,11119.0,700,148,30,115,3
p15,2020-01-14,19788.0,669,225,24,106,4
p15,2020-01-15,13415.0,646,226,21,97,4
p15,2020-01-16,18350.0,658,144,4,163,4
p15,2020-01-17,10000.0,695,173,9,58,3
p15,2020-01-18,13252.0,679,121,18,113,4
p15,2020-01-19,15075.0,613,144,18,122,4
p15,2020-01-20,11924.0,710,162,34,93,3
p15,2020-01-21,14777.0,665,153,17,78,4
p15,2020-01-22,10352.0,595,284,29,76,3
p15,2020-01-23,14818.0,599,242,34,97,4
p15,2020-01-24,13087.0,639,305,18,27,4
p15,2020-01-25,17005.0,692,209,49,82,4
p15,2020-01-26,19254.0,579,142,28,105,4
p15,2020-01-27,10129.0,604,202,27,88,3
p15,2020-01-28,14586.0,616,157,8,70,4
p15,2020-01-29,15215.0,576,258,36,105,4
p15,2020-01-30,12037.0,583,167,9,86,3
p15,2020-01-31,12250.0,582,215,3,80,3
p15,2020-02-01,12368.0,719,119,14,104,3
p15,2020-02-02,16326.0,535,213,22,138,4
p15,2020-02-03,16302.0,591,282,22,72,4
p15,2020-02-04,17495.0,561,214,50,95,4
p15,2020-02-05,13214.0,545,291,31,35,4
p15,2020-02-06,15784.0,669,180,22,142,4
p15,2020-02-07,17029.0,654,201,19,140,4
p15,2020-02-08,9556.0,633,188,33,55,2
p15,2020-02-09,15059.0,617,123,22,94,4
p15,2020-02-10,4348.0,708,201,0,0,0
p15,2020-02-11,14919.0,574,174,57,84,4
p15,2020-02-12,13852.0,649,219,29,65,4
p15,2020-02-13,13446.0,649,182,15,76,4
p15,2020-02-14,14044.0,687,161,27,87,4
p15,2020-02-15,19953.0,633,151,23,121,4
p15,2020-02-16,6658.0,536,269,4,3,1
p15,2020-02-17,14382.0,677,166,27,104,4
p15,2020-02-18,17397.0,472,137,54,151,4
p15,2020-02-19,15571.0,557,169,13,131,4
p15,2020-02-20,14774.0,694,174,25,103,4
p15,2020-02-21,20054.0,585,157,17,172,4
p15,2020-02-22,14646.0,442,202,62,117,4
p15,2020-02-23,19967.0,507,146,59,103,4
p15,2020-02-24,13130.0,734,197,12,73,4
p15,2020-02-25,11479.0,735,195,41,42,3
p15,2020-02-26,17773.0,482,245,61,108,4
p15,2020-02-27,11439.0,730,211,16,45,3
p15,2020-02-28,17036.0,584,225,30,123,4
p15,2020-02-29,18784.0,546,238,34,153,4
p15,2020-03-01,15142.0,603,214,34,111,4
p15,2020-03-02,10536.0,799,204,23,45,3
p15,2020-03-03,12410.0,1143,188,30,79,3
p15,2020-03-04,10310.0,579,156,22,62,3
p15,2020-03-05,21591.0,612,195,27,156,4
p15,2020-03-06,30146.0,510,105,37,263,4
p15,2020-03-07,11091.0,734,173,9,51,3
p15,2020-03-08,10180.0,732,292,10,30,3
p15,2020-03-09,7829.0,672,260,12,11,2
p15,2020-03-10,9485.0,718,156,35,44,2
p15,2020-03-11,15572.0,1085,188,35,95,4
p15,2020-03-12,15689.0,589,196,49,132,4
p15,2020-03-13,17184.0,580,225,28,147,4
p15,2020-03-14,19207.0,470,168,41,193,4
p15,2020-03-15,6769.0,656,227,29,48,1
p15,2020-03-16,12205.0,628,178,4,135,3
p15,2020-03-17,12505.0,620,168,20,136,4
p15,2020-03-18,16445.0,551,152,14,181,4
p15,2020-03-19,13140.0,584,106,29,153,4
p15,2020-03-20,15865.0,676,131,11,115,4
p15,2020-03-21,8490.0,587,280,30,20,2
p15,2020-03-22,9364.0,505,171,75,154,2
p15,2020-03-23,8809.0,768,156,3,55,2
p15,2020-03-24,5877.0,654,213,5,84,1
p15,2020-03-25,10294.0,690,141,5,67,3
p15,2020-03-26,4076.0,755,137,10,13,0
p15,2020-03-27,8976.0,506,226,38,84,2
p15,2020-03-28,6581.0,648,160,10,119,1
p15,2020-03-29,13796.0,565,211,24,92,4
p15,2020-03-30,5241.0,580,186,10,104,1
p15,2020-03-31,9841.0,628,228,39,47,2
p16,2019-11-01,3062.0,907,107,0,0,0
p16,2019-11-02,1472.0,874,94,0,0,0
p16,2019-11-03,610.0,990,59,0,0,0
p16,2019-11-04,2177.0,740,80,8,4,0
p16,2019-11-05,1690.0,816,67,0,0,0
p16,2019-11-06,597.0,802,53,0,0,0
p16,2019-11-07,4588.0,925,92,20,17,0
p16,2019-11-08,4786.0,867,109,11,17,0
p16,2019-11-09,1709.0,685,78,0,0,0
p16,2019-11-10,729.0,987,54,0,0,0
p16,2019-11-11,340.0,851,29,0,0,0
p16,2019-11-12,4724.0,880,95,7,21,0
p16,2019-11-13,1061.0,809,56,0,0,0
p16,2019-11-14,4203.0,962,77,16,18,0
p16,2019-11-15,4553.0,893,102,5,8,0
p16,2019-11-16,2679.0,813,135,0,0,0
p16,2019-11-17,1594.0,824,89,0,0,0
p16,2019-11-18,1838.0,818,67,9,4,0
p16,2019-11-19,1998.0,935,90,0,0,0
p16,2019-11-20,1233.0,871,91,0,0,0
p16,2019-11-21,5438.0,880,117,3,8,1
p16,2019-11-22,4593.0,709,118,22,7,0
p16,2019-11-23,2103.0,873,88,0,0,0
p16,2019-11-24,1124.0,887,79,0,0,0
p16,2019-11-25,847.0,912,56,0,0,0
p16,2019-11-26,907.0,847,67,0,0,0
p16,2019-11-27,4527.0,1037,104,9,12,0
p16,2019-11-28,4089.0,900,98,8,14,0
p16,2019-11-29,2965.0,702,121,0,0,0
p16,2019-11-30,2061.0,770,91,7,3,0
p16,2019-12-01,1007.0,912,69,0,0,0
p16,2019-12-02,2161.0,880,93,0,0,0
p16,2019-12-03,865.0,901,77,0,0,0
p16,2019-12-04,2232.0,761,126,8,4,0
p16,2019-12-05,2445.0,799,170,8,3,0
p16,2019-12-06,1866.0,935,75,6,3,0
p16,2019-12-07,487.0,952,36,0,0,0
p16,2019-12-08,771.0,903,56,0,0,0
p16,2019-12-09,5002.0,1095,124,9,6,1
p16,2019-12-10,2938.0,757,144,0,0,0
p16,2019-12-11,871.0,837,71,0,0,0
p16,2019-12-12,1608.0,822,60,6,4,0
p16,2019-12-13,2942.0,864,104,3,6,0
p16,2019-12-14,2166.0,743,88,0,0,0
p16,2019-12-15,558.0,836,50,0,0,0
p16,2019-12-16,522.0,1384,56,0,0,0
p16,2019-12-17,567.0,580,45,0,0,0
p16,2019-12-18,7497.0,793,154,44,9,1
p16,2019-12-19,2073.0,967,94,0,0,0
p16,2019-12-20,3141.0,907,131,0,0,0
p16,2019-12-21,866.0,809,60,0,0,0
p16,2019-12-22,947.0,806,69,0,0,0
p16,2019-12-23,1828.0,843,126,0,0,0
p16,2019-12-24,4974.0,853,147,27,0,0
p16,2019-12-25,2354.0,776,92,8,2,0
p16,2019-12-26,1224.0,801,85,0,0,0
p16,2019-12-27,8280.0,739,228,48,12,2
p16,2019-12-28,2539.0,831,118,0,0,0
p16,2019-12-29,1556.0,907,89,0,0,0
p16,2019-12-30,7533.0,817,274,16,7,2
p16,2019-12-31,1659.0,815,100,0,0,0
p16,2020-01-01,1731.0,710,184,10,0,0
p16,2020-01-02,2530.0,1072,102,0,0,0
p16,2020-01-03,767.0,835,71,0,0,0
p16,2020-01-04,1215.0,896,89,0,0,0
p16,2020-01-05,696.0,986,59,0,0,0
p16,2020-01-06,389.0,987,39,0,0,0
p16,2020-01-07,644.0,991,50,0,0,0
p16,2020-01-08,1071.0,927,91,0,0,0
p16,2020-01-09,614.0,943,57,0,0,0
p16,2020-01-10,2089.0,807,67,8,5,0
p16,2020-01-11,1609.0,989,100,0,0,0
p16,2020-01-12,1249.0,793,84,0,0,0
p16,2020-01-13,861.0,925,62,0,0,0
p16,2020-01-14,693.0,887,66,0,0,0
p16,2020-01-15,827.0,939,69,0,0,0
p16,2020-01-16,1205.0,953,82,0,0,0
p16,2020-01-17,2789.0,803,129,9,3,0
p16,2020-01-18,3036.0,960,117,8,3,0
p16,2020-01-19,1129.0,942,84,0,0,0
p16,2020-01-20,1975.0,923,89,0,0,0
p16,2020-01-21,4620.0,979,110,6,18,0
p16,2020-01-22,2130.0,823,90,0,0,0
p16,2020-01-23,2218.0,960,102,0,0,0
p16,2020-01-24,802.0,827,69,0,0,0
p16,2020-01-25,1980.0,948,88,0,0,0
p16,2020-01-26,757.0,932,57,0,0,0
p16,2020-01-27,2118.0,877,101,0,0,0
p16,2020-01-28,954.0,1011,78,0,0,0
p16,2020-01-29,2126.0,910,94,5,4,0
p16,2020-01-30,1017.0,920,77,0,0,0
p16,2020-01-31,2570.0,808,107,1,11,0
p16,2020-02-01,1217.0,912,95,0,0,0
p16,2020-02-02,1372.0,921,102,0,0,0
p16,2020-02-03,1063.0,858,83,0,0,0
p16,2020-02-04,589.0,937,50,0,0,0
p16,2020-02-05,2368.0,903,131,0,0,0
p16,2020-02-06,819.0,928,69,0,0,0
p16,2020-02-07,2583.0,829,108,0,0,0
p16,2020-02-08,855.0,803,74,0,0,0
p16,2020-02-09,345.0,966,48,0,0,0
p16,2020-02-10,337.0,1416,24,0,0,0
p16,2020-02-11,1974.0,507,87,0,0,0
p16,2020-02-12,1052.0,965,76,0,0,0
p16,2020-02-13,1929.0,944,99,0,0,0
p16,2020-02-14,2259.0,812,137,0,0,0
p16,2020-02-15,755.0,981,63,0,0,0
p16,2020-02-16,782.0,1058,56,0,0,0
p16,2020-02-17,1957.0,788,66,13,1,0
p16,2020-02-18,928.0,1032,75,0,0,0
p16,2020-02-19,1470.0,840,52,5,5,0
p16,2020-02-20,1144.0,896,87,0,0,0
p16,2020-02-21,654.0,987,55,0,0,0
p16,2020-02-22,7433.0,654,161,79,51,1
p16,2020-02-23,393.0,938,56,10,0,0
p16,2020-02-24,831.0,901,60,0,0,0
p16,2020-02-25,961.0,1056,70,0,0,0
p16,2020-02-26,1369.0,783,93,0,0,0
p16,2020-02-27,848.0,993,66,0,0,0
p16,2020-02-28,1989.0,910,91,0,0,0
p16,2020-02-29,730.0,921,59,0,0,0
p16,2020-03-01,806.0,1396,44,0,0,0
p16,2020-03-02,761.0,831,69,0,0,0
p16,2020-03-03,2489.0,810,106,8,5,0
p16,2020-03-04,685.0,1378,62,0,0,0
p16,2020-03-05,748.0,912,60,0,0,0
p16,2020-03-06,1995.0,755,83,0,0,0
p16,2020-03-07,524.0,1265,44,0,0,0
p16,2020-03-08,1241.0,608,78,0,0,0
p16,2020-03-08,1241.0,608,78,0,0,0
p16,2020-03-09,2196.0,1074,105,0,0,0
p16,2020-03-10,1398.0,1053,97,0,0,0
p16,2020-03-11,2144.0,916,95,0,0,0
p16,2020-03-12,1981.0,1023,89,0,0,0
p16,2020-03-13,493.0,763,50,0,0,0
p16,2020-03-14,334.0,1394,46,0,0,0
p16,2020-03-15,1219.0,689,85,0,0,0
p16,2020-03-16,2410.0,762,113,0,0,0
p16,2020-03-17,1263.0,982,96,0,0,0
p16,2020-03-18,2194.0,736,94,6,1,0
p16,2020-03-19,786.0,904,62,0,0,0
p16,2020-03-20,1783.0,774,62,9,5,0
p16,2020-03-21,875.0,973,66,0,0,0
p16,2020-03-22,720.0,825,60,0,0,0
p16,2020-03-23,2049.0,890,85,8,1,0
p16,2020-03-24,1179.0,809,84,0,0,0
p16,2020-03-25,2353.0,738,100,20,8,0
p16,2020-03-26,700.0,1051,49,0,0,0
p16,2020-03-27,2070.0,822,93,4,5,0
p16,2020-03-28,589.0,920,52,0,0,0
p16,2020-03-29,1714.0,830,90,0,0,0
p16,2020-03-30,1773.0,814,69,9,4,0
p16,2020-03-31,777.0,932,67,0,0,0
