item_id,date,steps
p01,2019-11-01,17873.0
p01,2019-11-02,13118.0
p01,2019-11-03,14312.0
p01,2019-11-04,10970.0
p01,2019-11-05,16186.0
p01,2019-11-06,8189.0
p01,2019-11-07,8710.0
p01,2019-11-08,12888.0
p01,2019-11-09,16450.0
p01,2019-11-10,17843.0
p01,2019-11-11,12519.0
p01,2019-11-12,10392.0
p01,2019-11-13,11185.0
p01,2019-11-14,19220.0
p01,2019-11-15,18259.0
p01,2019-11-16,15305.0
p01,2019-11-17,11916.0
p01,2019-11-18,8241.0
p01,2019-11-19,7134.0
p01,2019-11-20,10116.0
p01,2019-11-21,19747.0
p01,2019-11-22,10938.0
p01,2019-11-23,20704.0
p01,2019-11-24,16517.0
p01,2019-11-25,12481.0
p01,2019-11-26,16428.0
p01,2019-11-27,10556.0
p01,2019-11-28,17535.0
p01,2019-11-29,16209.0
p01,2019-11-30,10782.0
p01,2019-12-01,13736.0
p01,2019-12-02,12224.0
p01,2019-12-03,18142.0
p01,2019-12-04,11745.0
p01,2019-12-05,18234.0
p01,2019-12-06,10401.0
p01,2019-12-07,14898.0
p01,2019-12-08,15805.0
p01,2019-12-09,11223.0
p01,2019-12-10,7708.0
p01,2019-12-11,9855.0
p01,2019-12-12,10728.0
p01,2019-12-13,15910.0
p01,2019-12-14,15348.0
p01,2019-12-15,21362.0
p01,2019-12-16,10489.0
p01,2019-12-17,12437.0
p01,2019-12-18,14775.0
p01,2019-12-19,18894.0
p01,2019-12-20,13110.0
p01,2019-12-21,17760.0
p01,2019-12-22,18170.0
p01,2019-12-23,17227.0
p01,2019-12-24,13316.0
p01,2019-12-25,11804.0
p01,2019-12-26,16891.0
p01,2019-12-27,10161.0
p01,2019-12-28,12445.0
p01,2019-12-29,13699.0
p01,2019-12-30,10187.0
p01,2019-12-31,11490.0
p01,2020-01-01,11847.0
p01,2020-01-02,10346.0
p01,2020-01-03,17431.0
p01,2020-01-04,16170.0
p01,2020-01-05,11425.0
p01,2020-01-06,11322.0
p01,2020-01-07,17638.0
p01,2020-01-08,8149.0
p01,2020-01-09,13189.0
p01,2020-01-10,13733.0
p01,2020-01-11,13736.0
p01,2020-01-12,8820.0
p01,2020-01-13,8564.0
p01,2020-01-14,17723.0
p01,2020-01-15,14145.0
p01,2020-01-16,13888.0
p01,2020-01-17,12501.0
p01,2020-01-18,13480.0
p01,2020-01-19,13255.0
p01,2020-01-20,7492.0
p01,2020-01-21,11684.0
p01,2020-01-22,10162.0
p01,2020-01-23,15169.0
p01,2020-01-24,10721.0
p01,2020-01-25,18231.0
p01,2020-01-26,18422.0
p01,2020-01-27,9026.0
p01,2020-01-28,14473.0
p01,2020-01-29,4749.0
p01,2020-01-30,14398.0
p01,2020-01-31,12231.0
p01,2020-02-01,14409.0
p01,2020-02-02,11652.0
p01,2020-02-03,10754.0
p01,2020-02-04,8898.0
p01,2020-02-05,18685.0
p01,2020-02-06,24846.0
p01,2020-02-07,8131.0
p01,2020-02-08,14197.0
p01,2020-02-09,8963.0
p01,2020-02-10,15052.0
p01,2020-02-11,10533.0
p01,2020-02-12,10839.0
p01,2020-02-13,13617.0
p01,2020-02-14,7819.0
p01,2020-02-15,6833.0
p01,2020-02-16,8837.0
p01,2020-02-17,10674.0
p01,2020-02-18,10533.0
p01,2020-02-19,18691.0
p01,2020-02-20,7720.0
p01,2020-02-21,17992.0
p01,2020-02-22,15947.0
p01,2020-02-23,12227.0
p01,2020-02-24,7427.0
p01,2020-02-25,7365.0
p01,2020-02-26,12554.0
p01,2020-02-27,19534.0
p01,2020-02-28,12513.0
p01,2020-02-29,21999.0
p01,2020-03-01,21553.0
p01,2020-03-02,11335.0
p01,2020-03-03,10117.0
p01,2020-03-04,13093.0
p01,2020-03-05,20119.0
p01,2020-03-06,10480.0
p01,2020-03-07,12847.0
p01,2020-03-08,13115.0
p01,2020-03-09,7240.0
p01,2020-03-10,13280.0
p01,2020-03-11,8855.0
p01,2020-03-12,9835.0
p01,2020-03-13,8744.0
p01,2020-03-14,9026.0
p01,2020-03-15,9937.0
p01,2020-03-16,6939.0
p01,2020-03-17,7952.0
p01,2020-03-18,6403.0
p01,2020-03-19,8331.0
p01,2020-03-20,7189.0
p01,2020-03-21,14653.0
p01,2020-03-22,4773.0
p01,2020-03-23,5897.0
p01,2020-03-24,5439.0
p01,2020-03-25,9121.0
p01,2020-03-26,7357.0
p01,2020-03-27,11532.0
p01,2020-03-28,16448.0
p01,2020-03-29,6698.0
p01,2020-03-30,4761.0
p01,2020-03-31,9351.0
p02,2019-11-01,9351.0
p02,2019-11-02,9351.0
p02,2019-11-03,9351.0
p02,2019-11-04,9351.0
p02,2019-11-05,385.0
p02,2019-11-06,17228.0
p02,2019-11-07,16074.0
p02,2019-11-08,17375.0
p02,2019-11-09,18903.0
p02,2019-11-10,15647.0
p02,2019-11-11,21991.0
p02,2019-11-12,15502.0
p02,2019-11-13,21369.0
p02,2019-11-14,9948.0
p02,2019-11-15,14219.0
p02,2019-11-16,16322.0
p02,2019-11-17,4918.0
p02,2019-11-18,24041.0
p02,2019-11-19,1409.0
p02,2019-11-20,19635.0
p02,2019-11-21,12469.0
p02,2019-11-22,11579.0
p02,2019-11-23,17081.0
p02,2019-11-24,3132.0
p02,2019-11-25,22800.0
p02,2019-11-26,22487.0
p02,2019-11-27,21967.0
p02,2019-11-28,9594.0
p02,2019-11-29,16534.0
p02,2019-11-30,15134.0
p02,2019-12-01,20025.0
p02,2019-12-02,26116.0
p02,2019-12-03,14643.0
p02,2019-12-04,10886.0
p02,2019-12-05,19220.0
p02,2019-12-06,16187.0
p02,2019-12-07,21078.0
p02,2019-12-08,21623.0
p02,2019-12-09,17015.0
p02,2019-12-10,9379.0
p02,2019-12-11,14888.0
p02,2019-12-12,19928.0
p02,2019-12-13,18049.0
p02,2019-12-14,11890.0
p02,2019-12-15,19888.0
p02,2019-12-16,17538.0
p02,2019-12-17,14124.0
p02,2019-12-18,23793.0
p02,2019-12-19,13145.0
p02,2019-12-20,22707.0
p02,2019-12-21,10055.0
p02,2019-12-22,9569.0
p02,2019-12-23,9261.0
p02,2019-12-24,15626.0
p02,2019-12-25,14476.0
p02,2019-12-26,18867.0
p02,2019-12-27,9417.0
p02,2019-12-28,16565.0
p02,2019-12-29,8065.0
p02,2019-12-30,15828.0
p02,2019-12-31,1058.0
p02,2020-01-01,239.0
p02,2020-01-02,8414.0
p02,2020-01-03,15541.0
p02,2020-01-04,16953.0
p02,2020-01-05,13684.0
p02,2020-01-06,21047.0
p02,2020-01-07,21214.0
p02,2020-01-08,22660.0
p02,2020-01-09,12857.0
p02,2020-01-10,20111.0
p02,2020-01-11,5824.0
p02,2020-01-12,13801.0
p02,2020-01-13,15668.0
p02,2020-01-14,21089.0
p02,2020-01-15,24040.0
p02,2020-01-16,15446.0
p02,2020-01-17,23550.0
p02,2020-01-18,15735.0
p02,2020-01-19,10183.0
p02,2020-01-20,15403.0
p02,2020-01-21,24495.0
p02,2020-01-22,20276.0
p02,2020-01-23,16213.0
p02,2020-01-24,21309.0
p02,2020-01-25,7550.0
p02,2020-01-26,4766.0
p02,2020-01-27,27156.0
p02,2020-01-28,14874.0
p02,2020-01-29,20667.0
p02,2020-01-30,12191.0
p02,2020-01-31,14950.0
p02,2020-02-01,11957.0
p02,2020-02-02,17758.0
p02,2020-02-03,16166.0
p02,2020-02-04,15195.0
p02,2020-02-05,17319.0
p02,2020-02-06,14191.0
p02,2020-02-07,16075.0
p02,2020-02-08,19941.0
p02,2020-02-09,10319.0
p02,2020-02-10,9845.0
p02,2020-02-11,19587.0
p02,2020-02-12,26750.0
p02,2020-02-13,19540.0
p02,2020-02-14,13895.0
p02,2020-02-15,17449.0
p02,2020-02-16,23982.0
p02,2020-02-17,12872.0
p02,2020-02-18,14934.0
p02,2020-02-19,25436.0
p02,2020-02-20,28029.0
p02,2020-02-21,17634.0
p02,2020-02-22,13643.0
p02,2020-02-23,17558.0
p02,2020-02-24,14370.0
p02,2020-02-25,6731.0
p02,2020-02-26,21897.0
p02,2020-02-27,31147.0
p02,2020-02-28,6665.0
p02,2020-02-29,27295.0
p02,2020-03-01,12031.0
p02,2020-03-02,23021.0
p02,2020-03-03,23647.0
p02,2020-03-04,17096.0
p02,2020-03-05,15797.0
p02,2020-03-06,19857.0
p02,2020-03-07,16197.0
p02,2020-03-08,10894.0
p02,2020-03-09,24870.0
p02,2020-03-10,12198.0
p02,2020-03-11,18491.0
p02,2020-03-12,10341.0
p02,2020-03-13,16566.0
p02,2020-03-14,20861.0
p02,2020-03-15,17450.0
p02,2020-03-16,10922.0
p02,2020-03-17,15858.0
p02,2020-03-18,12603.0
p02,2020-03-19,19589.0
p02,2020-03-20,16234.0
p02,2020-03-21,13056.0
p02,2020-03-22,12485.0
p02,2020-03-23,17238.0
p02,2020-03-24,10874.0
p02,2020-03-25,9817.0
p02,2020-03-26,5102.0
p02,2020-03-27,15078.0
p02,2020-03-28,17133.0
p02,2020-03-29,13039.0
p02,2020-03-30,18485.0
p02,2020-03-31,15137.0
p03,2019-11-01,11204.0
p03,2019-11-02,4435.0
p03,2019-11-03,0.0
p03,2019-11-04,0.0
p03,2019-11-05,6710.0
p03,2019-11-06,9079.0
p03,2019-11-07,4313.0
p03,2019-11-08,7825.0
p03,2019-11-09,3338.0
p03,2019-11-10,3338.0
p03,2019-11-11,7356.0
p03,2019-11-12,7498.0
p03,2019-11-13,13.0
p03,2019-11-14,7284.0
p03,2019-11-15,4345.0
p03,2019-11-16,394.0
p03,2019-11-17,394.0
p03,2019-11-18,394.0
p03,2019-11-19,394.0
p03,2019-11-20,394.0
p03,2019-11-21,394.0
p03,2019-11-22,394.0
p03,2019-11-23,394.0
p03,2019-11-24,394.0
p03,2019-11-25,394.0
p03,2019-11-26,394.0
p03,2019-11-27,394.0
p03,2019-11-28,394.0
p03,2019-11-29,394.0
p03,2019-11-30,394.0
p03,2019-12-01,394.0
p03,2019-12-02,394.0
p03,2019-12-03,394.0
p03,2019-12-04,394.0
p03,2019-12-05,394.0
p03,2019-12-06,394.0
p03,2019-12-07,394.0
p03,2019-12-08,394.0
p03,2019-12-09,394.0
p03,2019-12-10,195.0
p03,2019-12-11,9113.0
p03,2019-12-12,10866.0
p03,2019-12-13,6389.0
p03,2019-12-14,6241.0
p03,2019-12-15,31.0
p03,2019-12-16,6116.0
p03,2019-12-17,9876.0
p03,2019-12-18,633.0
p03,2019-12-19,6.0
p03,2019-12-20,4872.0
p03,2019-12-21,8113.0
p03,2019-12-21,8113.0
p03,2019-12-22,7278.0
p03,2019-12-23,9649.0
p03,2019-12-24,10406.0
p03,2019-12-25,4936.0
p03,2019-12-26,3867.0
p03,2019-12-27,33.0
p03,2019-12-28,5785.0
p03,2019-12-29,2207.0
p03,2019-12-30,9643.0
p03,2019-12-31,3946.0
p03,2020-01-01,904.0
p03,2020-01-02,2180.0
p03,2020-01-03,2877.0
p03,2020-01-04,11212.0
p03,2020-01-05,2918.0
p03,2020-01-06,9233.0
p03,2020-01-07,8382.0
p03,2020-01-08,7930.0
p03,2020-01-09,11060.0
p03,2020-01-10,7018.0
p03,2020-01-11,7.0
p03,2020-01-12,7019.0
p03,2020-01-13,9216.0
p03,2020-01-14,6320.0
p03,2020-01-15,9626.0
p03,2020-01-16,10940.0
p03,2020-01-17,6496.0
p03,2020-01-18,770.0
p03,2020-01-19,63.0
p03,2020-01-20,13172.0
p03,2020-01-21,0.0
p03,2020-01-22,8798.0
p03,2020-01-23,5879.0
p03,2020-01-24,7511.0
p03,2020-01-25,2093.0
p03,2020-01-26,858.0
p03,2020-01-27,9785.0
p03,2020-01-28,6588.0
p03,2020-01-29,9445.0
p03,2020-01-30,13800.0
p03,2020-01-31,10627.0
p03,2020-02-01,723.0
p03,2020-02-02,1365.0
p03,2020-02-03,9441.0
p03,2020-02-04,8628.0
p03,2020-02-05,11776.0
p03,2020-02-06,16964.0
p03,2020-02-07,11950.0
p03,2020-02-08,7.0
p03,2020-02-09,369.0
p03,2020-02-10,8216.0
p03,2020-02-11,8784.0
p03,2020-02-12,10918.0
p03,2020-02-13,7663.0
p03,2020-02-14,3971.0
p03,2020-02-15,4804.0
p03,2020-02-16,4866.0
p03,2020-02-17,7286.0
p03,2020-02-18,7337.0
p03,2020-02-19,6524.0
p03,2020-02-20,6825.0
p03,2020-02-21,7753.0
p03,2020-02-22,5051.0
p03,2020-02-23,450.0
p03,2020-02-24,10469.0
p03,2020-02-25,7822.0
p03,2020-02-26,6692.0
p03,2020-02-27,9114.0
p03,2020-02-28,1484.0
p03,2020-02-29,1484.0
p03,2020-03-01,1484.0
p03,2020-03-02,1484.0
p03,2020-03-03,1484.0
p03,2020-03-04,6135.0
p03,2020-03-05,9496.0
p03,2020-03-06,6780.0
p03,2020-03-07,3297.0
p03,2020-03-08,193.0
p03,2020-03-09,5448.0
p03,2020-03-10,4986.0
p03,2020-03-11,646.0
p03,2020-03-12,266.0
p03,2020-03-13,5577.0
p03,2020-03-14,2239.0
p03,2020-03-15,293.0
p03,2020-03-16,169.0
p03,2020-03-17,212.0
p03,2020-03-18,42.0
p03,2020-03-19,745.0
p03,2020-03-20,4182.0
p03,2020-03-21,1093.0
p03,2020-03-22,2763.0
p03,2020-03-23,2861.0
p03,2020-03-24,2084.0
p03,2020-03-25,17.0
p03,2020-03-26,1160.0
p03,2020-03-27,5906.0
p03,2020-03-28,5906.0
p03,2020-03-29,1233.0
p03,2020-03-30,475.0
p03,2020-03-31,1462.0
p04,2019-11-01,1462.0
p04,2019-11-02,1462.0
p04,2019-11-03,1462.0
p04,2019-11-04,1462.0
p04,2019-11-05,1462.0
p04,2019-11-06,9243.0
p04,2019-11-07,10246.0
p04,2019-11-08,11489.0
p04,2019-11-09,7587.0
p04,2019-11-10,4954.0
p04,2019-11-11,11076.0
p04,2019-11-12,18749.0
p04,2019-11-13,12890.0
p04,2019-11-14,11806.0
p04,2019-11-15,13614.0
p04,2019-11-16,10062.0
p04,2019-11-17,10886.0
p04,2019-11-18,13480.0
p04,2019-11-19,16346.0
p04,2019-11-20,9916.0
p04,2019-11-21,9199.0
p04,2019-11-22,10338.0
p04,2019-11-23,8119.0
p04,2019-11-24,12824.0
p04,2019-11-25,16500.0
p04,2019-11-26,15853.0
p04,2019-11-27,7519.0
p04,2019-11-28,13977.0
p04,2019-11-29,8448.0
p04,2019-11-30,9049.0
p04,2019-12-01,6495.0
p04,2019-12-02,16498.0
p04,2019-12-03,20814.0
p04,2019-12-04,6919.0
p04,2019-12-05,10548.0
p04,2019-12-06,10875.0
p04,2019-12-07,9356.0
p04,2019-12-08,4214.0
p04,2019-12-09,9211.0
p04,2019-12-10,12137.0
p04,2019-12-11,9436.0
p04,2019-12-12,14554.0
p04,2019-12-13,8490.0
p04,2019-12-14,15680.0
p04,2019-12-15,5326.0
p04,2019-12-16,13718.0
p04,2019-12-17,16487.0
p04,2019-12-18,8299.0
p04,2019-12-19,12453.0
p04,2019-12-20,10979.0
p04,2019-12-21,6260.0
p04,2019-12-22,7063.0
p04,2019-12-23,12278.0
p04,2019-12-24,9567.0
p04,2019-12-25,7881.0
p04,2019-12-26,16755.0
p04,2019-12-27,5958.0
p04,2019-12-28,5923.0
p04,2019-12-29,8812.0
p04,2019-12-30,8399.0
p04,2019-12-31,7255.0
p04,2020-01-01,1997.0
p04,2020-01-01,1997.0
p04,2020-01-02,11220.0
p04,2020-01-03,8927.0
p04,2020-01-04,5617.0
p04,2020-01-05,4805.0
p04,2020-01-06,9532.0
p04,2020-01-07,3502.0
p04,2020-01-08,16382.0
p04,2020-01-09,17713.0
p04,2020-01-10,12279.0
p04,2020-01-11,6161.0
p04,2020-01-12,12412.0
p04,2020-01-13,14609.0
p04,2020-01-14,14373.0
p04,2020-01-15,13663.0
p04,2020-01-16,8257.0
p04,2020-01-17,9938.0
p04,2020-01-18,11842.0
p04,2020-01-19,10161.0
p04,2020-01-20,13756.0
p04,2020-01-21,17981.0
p04,2020-01-22,7755.0
p04,2020-01-23,18826.0
p04,2020-01-24,15565.0
p04,2020-01-25,11832.0
p04,2020-01-26,8620.0
p04,2020-01-27,7617.0
p04,2020-01-28,14516.0
p04,2020-01-29,12458.0
p04,2020-01-30,5280.0
p04,2020-01-31,9493.0
p04,2020-02-01,18282.0
p04,2020-02-02,7367.0
p04,2020-02-03,21213.0
p04,2020-02-04,12657.0
p04,2020-02-05,12630.0
p04,2020-02-06,12338.0
p04,2020-02-07,7382.0
p04,2020-02-08,7683.0
p04,2020-02-09,5208.0
p04,2020-02-10,7409.0
p04,2020-02-11,14886.0
p04,2020-02-12,14637.0
p04,2020-02-13,11953.0
p04,2020-02-14,4638.0
p04,2020-02-15,7792.0
p04,2020-02-16,6002.0
p04,2020-02-17,9639.0
p04,2020-02-18,12997.0
p04,2020-02-19,8727.0
p04,2020-02-20,11174.0
p04,2020-02-21,12973.0
p04,2020-02-22,8584.0
p04,2020-02-23,153.0
p04,2020-02-24,15304.0
p04,2020-02-25,13344.0
p04,2020-02-26,13680.0
p04,2020-02-27,15236.0
p04,2020-02-28,9925.0
p04,2020-02-29,13963.0
p04,2020-03-01,10447.0
p04,2020-03-02,273.0
p04,2020-03-03,6684.0
p04,2020-03-04,7560.0
p04,2020-03-05,5810.0
p04,2020-03-06,7294.0
p04,2020-03-07,7034.0
p04,2020-03-08,7091.0
p04,2020-03-09,16648.0
p04,2020-03-10,17067.0
p04,2020-03-11,9763.0
p04,2020-03-12,7080.0
p04,2020-03-13,14138.0
p04,2020-03-14,6427.0
p04,2020-03-15,5914.0
p04,2020-03-16,5684.0
p04,2020-03-17,7855.0
p04,2020-03-18,9610.0
p04,2020-03-19,7195.0
p04,2020-03-20,8379.0
p04,2020-03-21,1718.0
p04,2020-03-22,9010.0
p04,2020-03-23,12666.0
p04,2020-03-24,10418.0
p04,2020-03-25,9107.0
p04,2020-03-26,10188.0
p04,2020-03-27,7149.0
p04,2020-03-28,13075.0
p04,2020-03-29,7970.0
p04,2020-03-30,9210.0
p04,2020-03-31,488.0
p05,2019-11-01,14306.0
p05,2019-11-02,13349.0
p05,2019-11-03,9037.0
p05,2019-11-04,13240.0
p05,2019-11-05,14898.0
p05,2019-11-06,11297.0
p05,2019-11-07,19247.0
p05,2019-11-08,12376.0
p05,2019-11-09,11928.0
p05,2019-11-10,1046.0
p05,2019-11-11,1046.0
p05,2019-11-12,3836.0
p05,2019-11-13,13899.0
p05,2019-11-14,12427.0
p05,2019-11-15,16259.0
p05,2019-11-16,7808.0
p05,2019-11-17,13590.0
p05,2019-11-18,9090.0
p05,2019-11-19,13253.0
p05,2019-11-20,14021.0
p05,2019-11-21,12718.0
p05,2019-11-22,13553.0
p05,2019-11-23,9188.0
p05,2019-11-24,10260.0
p05,2019-11-25,8388.0
p05,2019-11-26,9234.0
p05,2019-11-27,13224.0
p05,2019-11-28,10623.0
p05,2019-11-29,11829.0
p05,2019-11-30,16879.0
p05,2019-12-01,14397.0
p05,2019-12-02,8942.0
p05,2019-12-03,9870.0
p05,2019-12-04,13212.0
p05,2019-12-05,10405.0
p05,2019-12-06,17324.0
p05,2019-12-07,12651.0
p05,2019-12-08,8625.0
p05,2019-12-09,15261.0
p05,2019-12-10,9313.0
p05,2019-12-11,15552.0
p05,2019-12-12,13895.0
p05,2019-12-13,11194.0
p05,2019-12-14,11141.0
p05,2019-12-15,7020.0
p05,2019-12-16,13252.0
p05,2019-12-17,14061.0
p05,2019-12-18,7878.0
p05,2019-12-19,15900.0
p05,2019-12-20,11961.0
p05,2019-12-21,18690.0
p05,2019-12-22,9624.0
p05,2019-12-23,12368.0
p05,2019-12-24,10200.0
p05,2019-12-25,5347.0
p05,2019-12-26,3456.0
p05,2019-12-27,8479.0
p05,2019-12-28,9967.0
p05,2019-12-29,8598.0
p05,2019-12-30,11069.0
p05,2019-12-31,16043.0
p05,2020-01-01,8504.0
p05,2020-01-02,19895.0
p05,2020-01-03,14771.0
p05,2020-01-04,12945.0
p05,2020-01-05,12778.0
p05,2020-01-06,23971.0
p05,2020-01-07,20148.0
p05,2020-01-08,14449.0
p05,2020-01-09,18777.0
p05,2020-01-10,17022.0
p05,2020-01-11,14881.0
p05,2020-01-12,7931.0
p05,2020-01-13,15027.0
p05,2020-01-14,13772.0
p05,2020-01-15,12578.0
p05,2020-01-16,14739.0
p05,2020-01-17,12373.0
p05,2020-01-18,10486.0
p05,2020-01-19,14659.0
p05,2020-01-20,13595.0
p05,2020-01-21,12411.0
p05,2020-01-22,14971.0
p05,2020-01-23,10476.0
p05,2020-01-24,17760.0
p05,2020-01-25,16373.0
p05,2020-01-26,11198.0
p05,2020-01-27,10941.0
p05,2020-01-28,12031.0
p05,2020-01-29,11400.0
p05,2020-01-30,19763.0
p05,2020-01-31,14158.0
p05,2020-02-01,9115.0
p05,2020-02-02,12442.0
p05,2020-02-03,12086.0
p05,2020-02-04,11657.0
p05,2020-02-05,13709.0
p05,2020-02-06,10270.0
p05,2020-02-07,13738.0
p05,2020-02-08,13738.0
p05,2020-02-09,720.0
p05,2020-02-10,10720.0
p05,2020-02-11,12291.0
p05,2020-02-12,12584.0
p05,2020-02-13,9674.0
p05,2020-02-14,10930.0
p05,2020-02-15,15625.0
p05,2020-02-16,11345.0
p05,2020-02-17,12981.0
p05,2020-02-18,12881.0
p05,2020-02-19,12941.0
p05,2020-02-20,6669.0
p05,2020-02-21,13.0
p05,2020-02-22,13.0
p05,2020-02-23,13.0
p05,2020-02-24,13.0
p05,2020-02-25,13.0
p05,2020-02-26,13.0
p05,2020-02-27,13.0
p05,2020-02-28,1046.0
p05,2020-02-29,7713.0
p05,2020-03-01,12635.0
p05,2020-03-02,11468.0
p05,2020-03-03,11973.0
p05,2020-03-04,12980.0
p05,2020-03-05,2620.0
p05,2020-03-06,3420.0
p05,2020-03-07,9152.0
p05,2020-03-08,8854.0
p05,2020-03-09,9613.0
p05,2020-03-10,6039.0
p05,2020-03-11,6436.0
p05,2020-03-12,11886.0
p05,2020-03-13,11685.0
p05,2020-03-14,6954.0
p05,2020-03-15,8842.0
p05,2020-03-16,11481.0
p05,2020-03-17,14018.0
p05,2020-03-18,16775.0
p05,2020-03-19,7887.0
p05,2020-03-20,8825.0
p05,2020-03-21,8003.0
p05,2020-03-22,14280.0
p05,2020-03-23,8133.0
p05,2020-03-24,6293.0
p05,2020-03-25,4948.0
p05,2020-03-26,8396.0
p05,2020-03-27,7652.0
p05,2020-03-28,11424.0
p05,2020-03-29,9037.0
p05,2020-03-30,5516.0
p05,2020-03-31,466.0
p06,2019-11-01,411.0
p06,2019-11-02,21036.0
p06,2019-11-03,5840.0
p06,2019-11-04,16483.0
p06,2019-11-05,22329.0
p06,2019-11-06,13092.0
p06,2019-11-07,17737.0
p06,2019-11-08,18728.0
p06,2019-11-09,6732.0
p06,2019-11-10,6761.0
p06,2019-11-11,13981.0
p06,2019-11-12,17504.0
p06,2019-11-13,15675.0
p06,2019-11-14,19704.0
p06,2019-11-15,10308.0
p06,2019-11-16,20966.0
p06,2019-11-17,11738.0
p06,2019-11-18,17916.0
p06,2019-11-19,9460.0
p06,2019-11-20,16304.0
p06,2019-11-21,8133.0
p06,2019-11-22,7391.0
p06,2019-11-23,6690.0
p06,2019-11-24,14428.0
p06,2019-11-24,14428.0
p06,2019-11-25,9446.0
p06,2019-11-26,14819.0
p06,2019-11-27,11558.0
p06,2019-11-28,14498.0
p06,2019-11-29,18461.0
p06,2019-11-30,12564.0
p06,2019-12-01,10273.0
p06,2019-12-02,16083.0
p06,2019-12-03,17480.0
p06,2019-12-04,15580.0
p06,2019-12-05,16724.0
p06,2019-12-06,15567.0
p06,2019-12-07,5831.0
p06,2019-12-08,11579.0
p06,2019-12-09,22656.0
p06,2019-12-10,19470.0
p06,2019-12-11,18762.0
p06,2019-12-12,18545.0
p06,2019-12-13,20325.0
p06,2019-12-14,10382.0
p06,2019-12-15,4724.0
p06,2019-12-16,19651.0
p06,2019-12-17,20030.0
p06,2019-12-18,17962.0
p06,2019-12-19,19380.0
p06,2019-12-20,23042.0
p06,2019-12-21,5683.0
p06,2019-12-22,13713.0
p06,2019-12-23,15738.0
p06,2019-12-24,10771.0
p06,2019-12-25,4737.0
p06,2019-12-26,2414.0
p06,2019-12-27,13570.0
p06,2019-12-28,3778.0
p06,2019-12-29,8291.0
p06,2019-12-30,12068.0
p06,2019-12-31,8574.0
p06,2020-01-01,3786.0
p06,2020-01-02,16366.0
p06,2020-01-03,21206.0
p06,2020-01-04,5505.0
p06,2020-01-05,9205.0
p06,2020-01-06,16698.0
p06,2020-01-07,22046.0
p06,2020-01-08,11875.0
p06,2020-01-09,12677.0
p06,2020-01-10,14740.0
p06,2020-01-11,6356.0
p06,2020-01-12,8220.0
p06,2020-01-13,11225.0
p06,2020-01-14,23909.0
p06,2020-01-15,17218.0
p06,2020-01-16,13471.0
p06,2020-01-17,15080.0
p06,2020-01-18,10668.0
p06,2020-01-19,12767.0
p06,2020-01-20,12969.0
p06,2020-01-21,19587.0
p06,2020-01-22,12449.0
p06,2020-01-23,16912.0
p06,2020-01-24,11778.0
p06,2020-01-25,12526.0
p06,2020-01-26,7724.0
p06,2020-01-27,18901.0
p06,2020-01-28,13924.0
p06,2020-01-29,15027.0
p06,2020-01-30,19324.0
p06,2020-01-31,20418.0
p06,2020-02-01,6750.0
p06,2020-02-02,10674.0
p06,2020-02-03,14075.0
p06,2020-02-04,15168.0
p06,2020-02-05,17656.0
p06,2020-02-06,23201.0
p06,2020-02-07,11461.0
p06,2020-02-08,6688.0
p06,2020-02-09,11882.0
p06,2020-02-10,14296.0
p06,2020-02-11,23778.0
p06,2020-02-12,13367.0
p06,2020-02-13,16553.0
p06,2020-02-14,15395.0
p06,2020-02-15,6220.0
p06,2020-02-16,9840.0
p06,2020-02-17,16697.0
p06,2020-02-18,18417.0
p06,2020-02-19,11235.0
p06,2020-02-20,14733.0
p06,2020-02-21,21907.0
p06,2020-02-22,11523.0
p06,2020-02-23,10247.0
p06,2020-02-24,18858.0
p06,2020-02-25,13538.0
p06,2020-02-26,17659.0
p06,2020-02-27,20871.0
p06,2020-02-28,14736.0
p06,2020-02-29,8254.0
p06,2020-03-01,6465.0
p06,2020-03-02,13185.0
p06,2020-03-03,14399.0
p06,2020-03-04,26124.0
p06,2020-03-05,13892.0
p06,2020-03-06,17486.0
p06,2020-03-07,9065.0
p06,2020-03-08,4867.0
p06,2020-03-09,24194.0
p06,2020-03-10,16479.0
p06,2020-03-11,18553.0
p06,2020-03-12,15869.0
p06,2020-03-13,19075.0
p06,2020-03-14,6819.0
p06,2020-03-15,2782.0
p06,2020-03-16,17433.0
p06,2020-03-17,14218.0
p06,2020-03-18,15606.0
p06,2020-03-19,15483.0
p06,2020-03-20,13851.0
p06,2020-03-21,16478.0
p06,2020-03-22,9512.0
p06,2020-03-23,19509.0
p06,2020-03-24,12330.0
p06,2020-03-25,13209.0
p06,2020-03-26,21661.0
p06,2020-03-27,10031.0
p06,2020-03-28,8162.0
p06,2020-03-29,4358.0
p06,2020-03-30,18820.0
p06,2020-03-31,14243.0
p07,2019-11-05,14243.0
p07,2019-11-06,9370.0
p07,2019-11-07,19979.0
p07,2019-11-08,9614.0
p07,2019-11-09,28445.0
p07,2019-11-10,6203.0
p07,2019-11-11,17453.0
p07,2019-11-12,7921.0
p07,2019-11-13,19280.0
p07,2019-11-14,15531.0
p07,2019-11-15,19813.0
p07,2019-11-16,14579.0
p07,2019-11-17,21765.0
p07,2019-11-18,10932.0
p07,2019-11-19,14873.0
p07,2019-11-20,19472.0
p07,2019-11-21,18312.0
p07,2019-11-22,9074.0
p07,2019-11-23,11397.0
p07,2019-11-24,19537.0
p07,2019-11-25,13398.0
p07,2019-11-26,16422.0
p07,2019-11-27,15625.0
p07,2019-11-28,13232.0
p07,2019-11-29,9231.0
p07,2019-11-30,15790.0
p07,2019-12-01,31707.0
p07,2019-12-02,30035.0
p07,2019-12-03,16270.0
p07,2019-12-04,17440.0
p07,2019-12-05,21781.0
p07,2019-12-06,22630.0
p07,2019-12-07,18632.0
p07,2019-12-08,30416.0
p07,2019-12-09,17470.0
p07,2019-12-10,18436.0
p07,2019-12-11,15245.0
p07,2019-12-12,29998.0
p07,2019-12-13,21029.0
p07,2019-12-14,18222.0
p07,2019-12-15,20183.0
p07,2019-12-16,23522.0
p07,2019-12-17,28754.0
p07,2019-12-18,20818.0
p07,2019-12-19,23077.0
p07,2019-12-20,19588.0
p07,2019-12-21,16151.0
p07,2019-12-22,7406.0
p07,2019-12-23,12491.0
p07,2019-12-24,17564.0
p07,2019-12-25,10460.0
p07,2019-12-26,15184.0
p07,2019-12-27,18456.0
p07,2019-12-28,14550.0
p07,2019-12-29,8846.0
p07,2019-12-30,20974.0
p07,2019-12-31,15055.0
p07,2020-01-01,14003.0
p07,2020-01-02,15983.0
p07,2020-01-03,4838.0
p07,2020-01-04,22969.0
p07,2020-01-05,2658.0
p07,2020-01-06,4380.0
p07,2020-01-07,4684.0
p07,2020-01-08,12645.0
p07,2020-01-09,12193.0
p07,2020-01-10,9793.0
p07,2020-01-11,12598.0
p07,2020-01-12,11096.0
p07,2020-01-13,14040.0
p07,2020-01-14,16414.0
p07,2020-01-15,13188.0
p07,2020-01-16,17111.0
p07,2020-01-17,16374.0
p07,2020-01-18,19165.0
p07,2020-01-19,11050.0
p07,2020-01-20,18419.0
p07,2020-01-21,20977.0
p07,2020-01-22,18415.0
p07,2020-01-23,23137.0
p07,2020-01-24,12725.0
p07,2020-01-25,17460.0
p07,2020-01-26,12824.0
p07,2020-01-27,19564.0
p07,2020-01-28,20089.0
p07,2020-01-29,20035.0
p07,2020-01-30,18376.0
p07,2020-01-31,18378.0
p07,2020-02-01,19582.0
p07,2020-02-02,15201.0
p07,2020-02-03,11216.0
p07,2020-02-04,20606.0
p07,2020-02-05,14532.0
p07,2020-02-06,14395.0
p07,2020-02-07,22472.0
p07,2020-02-08,21255.0
p07,2020-02-09,14359.0
p07,2020-02-10,19868.0
p07,2020-02-11,18162.0
p07,2020-02-12,20221.0
p07,2020-02-13,18706.0
p07,2020-02-14,15511.0
p07,2020-02-15,16321.0
p07,2020-02-16,13991.0
p07,2020-02-17,16192.0
p07,2020-02-18,17894.0
p07,2020-02-19,16755.0
p07,2020-02-20,14690.0
p07,2020-02-21,14177.0
p07,2020-02-22,17658.0
p07,2020-02-23,17626.0
p07,2020-02-24,18708.0
p07,2020-02-25,20387.0
p07,2020-02-26,18638.0
p07,2020-02-27,18541.0
p07,2020-02-28,19354.0
p07,2020-02-29,18500.0
p07,2020-03-01,11447.0
p07,2020-03-02,7956.0
p07,2020-03-03,11655.0
p07,2020-03-04,12329.0
p07,2020-03-05,15459.0
p07,2020-03-06,7428.0
p07,2020-03-07,9694.0
p07,2020-03-08,14301.0
p07,2020-03-09,9040.0
p07,2020-03-10,8661.0
p07,2020-03-11,19547.0
p07,2020-03-12,17177.0
p07,2020-03-13,13408.0
p07,2020-03-14,13755.0
p07,2020-03-15,5353.0
p07,2020-03-16,12271.0
p07,2020-03-17,15290.0
p07,2020-03-18,14934.0
p07,2020-03-19,10190.0
p07,2020-03-20,12551.0
p07,2020-03-21,21638.0
p07,2020-03-22,7912.0
p07,2020-03-23,12148.0
p07,2020-03-24,18611.0
p07,2020-03-25,3931.0
p07,2020-03-26,17300.0
p07,2020-03-27,20674.0
p07,2020-03-28,11656.0
p07,2020-03-29,1720.0
p07,2020-03-30,8806.0
p07,2020-03-31,13805.0
p08,2019-11-10,13805.0
p08,2019-11-11,14174.0
p08,2019-11-12,24821.0
p08,2019-11-13,11012.0
p08,2019-11-14,19199.0
p08,2019-11-15,13145.0
p08,2019-11-16,15805.0
p08,2019-11-17,20656.0
p08,2019-11-18,17151.0
p08,2019-11-19,17937.0
p08,2019-11-20,19813.0
p08,2019-11-21,16706.0
p08,2019-11-22,11921.0
p08,2019-11-23,23972.0
p08,2019-11-24,20468.0
p08,2019-11-25,19289.0
p08,2019-11-26,17322.0
p08,2019-11-27,19828.0
p08,2019-11-28,22844.0
p08,2019-11-29,14600.0
p08,2019-11-30,20736.0
p08,2019-12-01,29456.0
p08,2019-12-02,24322.0
p08,2019-12-03,18682.0
p08,2019-12-04,20827.0
p08,2019-12-05,11971.0
p08,2019-12-06,12445.0
p08,2019-12-07,16678.0
p08,2019-12-08,28359.0
p08,2019-12-09,17406.0
p08,2019-12-10,17234.0
p08,2019-12-11,18289.0
p08,2019-12-12,22473.0
p08,2019-12-13,1636.0
p08,2019-12-14,1636.0
p08,2019-12-15,1636.0
p08,2019-12-16,1636.0
p08,2019-12-17,12512.0
p08,2019-12-18,15660.0
p08,2019-12-19,19479.0
p08,2019-12-20,11564.0
p08,2019-12-21,33649.0
p08,2019-12-22,16694.0
p08,2019-12-23,22054.0
p08,2019-12-24,12261.0
p08,2019-12-25,3477.0
p08,2019-12-26,10089.0
p08,2019-12-27,16800.0
p08,2019-12-28,10655.0
p08,2019-12-29,14090.0
p08,2019-12-30,13145.0
p08,2019-12-31,11431.0
p08,2020-01-01,21961.0
p08,2020-01-02,13047.0
p08,2020-01-03,9298.0
p08,2020-01-04,24885.0
p08,2020-01-05,13328.0
p08,2020-01-06,13764.0
p08,2020-01-07,17754.0
p08,2020-01-08,7713.0
p08,2020-01-09,13620.0
p08,2020-01-10,24950.0
p08,2020-01-11,5520.0
p08,2020-01-12,1561.0
p08,2020-01-13,999.0
p08,2020-01-14,1792.0
p08,2020-01-15,7088.0
p08,2020-01-16,5668.0
p08,2020-01-17,9761.0
p08,2020-01-18,9302.0
p08,2020-01-19,10593.0
p08,2020-01-20,5152.0
p08,2020-01-21,17177.0
p08,2020-01-22,6205.0
p08,2020-01-23,18216.0
p08,2020-01-24,7483.0
p08,2020-01-25,10921.0
p08,2020-01-26,39835.0
p08,2020-01-27,10823.0
p08,2020-01-28,20973.0
p08,2020-01-29,14226.0
p08,2020-01-30,8324.0
p08,2020-01-31,14983.0
p08,2020-02-01,16555.0
p08,2020-02-02,16201.0
p08,2020-02-03,19830.0
p08,2020-02-04,18381.0
p08,2020-02-05,12670.0
p08,2020-02-06,18047.0
p08,2020-02-07,23542.0
p08,2020-02-08,21989.0
p08,2020-02-09,33775.0
p08,2020-02-10,18113.0
p08,2020-02-11,20973.0
p08,2020-02-12,21001.0
p08,2020-02-13,15761.0
p08,2020-02-14,17383.0
p08,2020-02-15,15634.0
p08,2020-02-16,18899.0
p08,2020-02-17,21566.0
p08,2020-02-18,18045.0
p08,2020-02-19,10859.0
p08,2020-02-20,20914.0
p08,2020-02-21,29910.0
p08,2020-02-22,5226.0
p08,2020-02-23,27158.0
p08,2020-02-24,20088.0
p08,2020-02-25,25237.0
p08,2020-02-26,18331.0
p08,2020-02-27,18461.0
p08,2020-02-28,21571.0
p08,2020-02-29,14835.0
p08,2020-03-01,13732.0
p08,2020-03-02,17074.0
p08,2020-03-03,15442.0
p08,2020-03-04,22005.0
p08,2020-03-05,16927.0
p08,2020-03-06,19224.0
p08,2020-03-07,18189.0
p08,2020-03-08,16914.0
p08,2020-03-09,19262.0
p08,2020-03-10,17394.0
p08,2020-03-11,12738.0
p08,2020-03-12,24172.0
p08,2020-03-13,11473.0
p08,2020-03-14,10628.0
p08,2020-03-15,19890.0
p08,2020-03-16,10972.0
p08,2020-03-17,19076.0
p08,2020-03-18,12308.0
p08,2020-03-19,18096.0
p08,2020-03-20,12536.0
p08,2020-03-21,20021.0
p08,2020-03-22,15709.0
p08,2020-03-23,10083.0
p08,2020-03-24,14324.0
p08,2020-03-25,12520.0
p08,2020-03-26,13005.0
p08,2020-03-27,10948.0
p08,2020-03-28,21355.0
p08,2020-03-29,5111.0
p08,2020-03-30,22280.0
p08,2020-03-31,7519.0
p09,2019-11-01,4014.0
p09,2019-11-02,2775.0
p09,2019-11-03,9663.0
p09,2019-11-04,6140.0
p09,2019-11-05,5704.0
p09,2019-11-06,6801.0
p09,2019-11-07,6189.0
p09,2019-11-08,2186.0
p09,2019-11-09,8016.0
p09,2019-11-10,4746.0
p09,2019-11-11,319.0
p09,2019-11-12,5992.0
p09,2019-11-13,3210.0
p09,2019-11-14,5347.0
p09,2019-11-15,12562.0
p09,2019-11-16,5634.0
p09,2019-11-17,1725.0
p09,2019-11-18,352.0
p09,2019-11-19,459.0
p09,2019-11-20,6596.0
p09,2019-11-21,4687.0
p09,2019-11-22,8587.0
p09,2019-11-23,3245.0
p09,2019-11-24,354.0
p09,2019-11-25,3865.0
p09,2019-11-26,4027.0
p09,2019-11-27,5725.0
p09,2019-11-28,5065.0
p09,2019-11-29,13118.0
p09,2019-11-30,11517.0
p09,2019-12-01,3522.0
p09,2019-12-02,6806.0
p09,2019-12-03,9594.0
p09,2019-12-04,4644.0
p09,2019-12-05,7357.0
p09,2019-12-06,5747.0
p09,2019-12-07,8886.0
p09,2019-12-08,5117.0
p09,2019-12-09,4124.0
p09,2019-12-10,4132.0
p09,2019-12-11,888.0
p09,2019-12-12,3619.0
p09,2019-12-13,10448.0
p09,2019-12-14,10388.0
p09,2019-12-15,10697.0
p09,2019-12-16,4854.0
p09,2019-12-17,5826.0
p09,2019-12-18,10409.0
p09,2019-12-19,5280.0
p09,2019-12-20,4436.0
p09,2019-12-21,8430.0
p09,2019-12-22,6022.0
p09,2019-12-23,9549.0
p09,2019-12-24,5233.0
p09,2019-12-25,4785.0
p09,2019-12-26,5679.0
p09,2019-12-27,3147.0
p09,2019-12-28,5371.0
p09,2019-12-29,2271.0
p09,2019-12-30,8260.0
p09,2019-12-31,9176.0
p09,2020-01-01,6234.0
p09,2020-01-02,165.0
p09,2020-01-03,5755.0
p09,2020-01-04,8699.0
p09,2020-01-05,6554.0
p09,2020-01-06,1312.0
p09,2020-01-07,11237.0
p09,2020-01-08,10725.0
p09,2020-01-09,4836.0
p09,2020-01-10,7009.0
p09,2020-01-11,13537.0
p09,2020-01-12,10405.0
p09,2020-01-13,2873.0
p09,2020-01-14,284.0
p09,2020-01-15,8608.0
p09,2020-01-16,4151.0
p09,2020-01-17,8330.0
p09,2020-01-18,9195.0
p09,2020-01-19,30406.0
p09,2020-01-20,1164.0
p09,2020-01-21,6124.0
p09,2020-01-22,7203.0
p09,2020-01-23,5302.0
p09,2020-01-24,8010.0
p09,2020-01-25,8447.0
p09,2020-01-26,11427.0
p09,2020-01-27,6108.0
p09,2020-01-28,13.0
p09,2020-01-29,3354.0
p09,2020-01-30,10313.0
p09,2020-01-31,1139.0
p09,2020-02-01,18884.0
p09,2020-02-02,11896.0
p09,2020-02-03,3497.0
p09,2020-02-04,3743.0
p09,2020-02-05,9208.0
p09,2020-02-06,7798.0
p09,2020-02-07,4091.0
p09,2020-02-08,19.0
p09,2020-02-09,3396.0
p09,2020-02-10,5310.0
p09,2020-02-11,5886.0
p09,2020-02-12,8447.0
p09,2020-02-13,4751.0
p09,2020-02-14,11276.0
p09,2020-02-15,4420.0
p09,2020-02-16,0.0
p09,2020-02-17,29.0
p09,2020-02-18,4087.0
p09,2020-02-19,6449.0
p09,2020-02-20,5650.0
p09,2020-02-21,4509.0
p09,2020-02-22,14332.0
p09,2020-02-23,11455.0
p09,2020-02-24,5331.0
p09,2020-02-25,9062.0
p09,2020-02-26,3619.0
p09,2020-02-27,72.0
p09,2020-02-28,6726.0
p09,2020-02-29,12012.0
p09,2020-03-01,5067.0
p09,2020-03-02,5604.0
p09,2020-03-03,3437.0
p09,2020-03-04,5935.0
p09,2020-03-05,3325.0
p09,2020-03-06,885.0
p09,2020-03-07,9524.0
p09,2020-03-08,10408.0
p09,2020-03-09,561.0
p09,2020-03-10,6066.0
p09,2020-03-11,50.0
p09,2020-03-12,718.0
p09,2020-03-13,6924.0
p09,2020-03-13,6924.0
p09,2020-03-14,6924.0
p09,2020-03-15,4625.0
p09,2020-03-16,1874.0
p09,2020-03-17,5537.0
p09,2020-03-18,1564.0
p09,2020-03-19,2038.0
p09,2020-03-20,17613.0
p09,2020-03-21,1338.0
p09,2020-03-22,953.0
p09,2020-03-23,238.0
p09,2020-03-24,470.0
p09,2020-03-25,667.0
p09,2020-03-26,6150.0
p09,2020-03-27,492.0
p09,2020-03-28,3982.0
p09,2020-03-29,1173.0
p09,2020-03-30,1070.0
p09,2020-03-31,454.0
p10,2019-11-05,454.0
p10,2019-11-06,454.0
p10,2019-11-07,9198.0
p10,2019-11-08,9865.0
p10,2019-11-09,13397.0
p10,2019-11-10,15800.0
p10,2019-11-11,13096.0
p10,2019-11-12,11578.0
p10,2019-11-13,11769.0
p10,2019-11-14,6142.0
p10,2019-11-15,10273.0
p10,2019-11-16,16118.0
p10,2019-11-17,7542.0
p10,2019-11-18,9480.0
p10,2019-11-19,11716.0
p10,2019-11-20,14211.0
p10,2019-11-21,10384.0
p10,2019-11-22,12639.0
p10,2019-11-23,15956.0
p10,2019-11-24,9351.0
p10,2019-11-25,8378.0
p10,2019-11-26,14863.0
p10,2019-11-27,2150.0
p10,2019-11-28,12326.0
p10,2019-11-29,13214.0
p10,2019-11-30,644.0
p10,2019-12-01,8346.0
p10,2019-12-02,12684.0
p10,2019-12-03,10057.0
p10,2019-12-04,10880.0
p10,2019-12-05,12663.0
p10,2019-12-06,13972.0
p10,2019-12-07,17145.0
p10,2019-12-08,20193.0
p10,2019-12-09,9881.0
p10,2019-12-10,14911.0
p10,2019-12-11,6734.0
p10,2019-12-12,8419.0
p10,2019-12-13,21336.0
p10,2019-12-14,18638.0
p10,2019-12-15,8988.0
p10,2019-12-16,3440.0
p10,2019-12-17,6784.0
p10,2019-12-18,7009.0
p10,2019-12-19,11392.0
p10,2019-12-20,11941.0
p10,2019-12-21,15700.0
p10,2019-12-22,12972.0
p10,2019-12-23,16109.0
p10,2019-12-24,12134.0
p10,2019-12-25,2367.0
p10,2019-12-26,4915.0
p10,2019-12-27,9438.0
p10,2019-12-28,14184.0
p10,2019-12-29,13724.0
p10,2019-12-30,10563.0
p10,2019-12-31,11895.0
p10,2020-01-01,1026.0
p10,2020-01-02,15516.0
p10,2020-01-03,12517.0
p10,2020-01-04,17854.0
p10,2020-01-05,0.0
p10,2020-01-06,12098.0
p10,2020-01-07,10160.0
p10,2020-01-08,11295.0
p10,2020-01-09,4892.0
p10,2020-01-10,17244.0
p10,2020-01-11,10608.0
p10,2020-01-12,12331.0
p10,2020-01-13,14310.0
p10,2020-01-14,11479.0
p10,2020-01-15,8160.0
p10,2020-01-16,10730.0
p10,2020-01-17,8114.0
p10,2020-01-18,7731.0
p10,2020-01-19,11814.0
p10,2020-01-20,13921.0
p10,2020-01-21,13855.0
p10,2020-01-22,9414.0
p10,2020-01-23,12283.0
p10,2020-01-24,9230.0
p10,2020-01-25,19225.0
p10,2020-01-26,15798.0
p10,2020-01-27,10003.0
p10,2020-01-28,10606.0
p10,2020-01-29,10134.0
p10,2020-01-30,12647.0
p10,2020-01-31,10562.0
p10,2020-02-01,22671.0
p10,2020-02-02,17885.0
p10,2020-02-03,10100.0
p10,2020-02-04,8597.0
p10,2020-02-05,11098.0
p10,2020-02-06,10308.0
p10,2020-02-07,15472.0
p10,2020-02-08,5667.0
p10,2020-02-09,16729.0
p10,2020-02-10,18227.0
p10,2020-02-11,9343.0
p10,2020-02-12,20445.0
p10,2020-02-13,12133.0
p10,2020-02-14,12357.0
p10,2020-02-15,15458.0
p10,2020-02-16,14045.0
p10,2020-02-17,11705.0
p10,2020-02-18,17129.0
p10,2020-02-19,15968.0
p10,2020-02-20,13922.0
p10,2020-02-21,17415.0
p10,2020-02-22,21384.0
p10,2020-02-23,11624.0
p10,2020-02-24,15410.0
p10,2020-02-25,15405.0
p10,2020-02-26,14304.0
p10,2020-02-27,12867.0
p10,2020-02-28,632.0
p10,2020-02-29,632.0
p10,2020-03-01,632.0
p10,2020-03-02,632.0
p10,2020-03-03,632.0
p10,2020-03-04,632.0
p10,2020-03-05,632.0
p10,2020-03-06,632.0
p10,2020-03-07,632.0
p10,2020-03-08,632.0
p10,2020-03-09,632.0
p10,2020-03-10,632.0
p10,2020-03-11,632.0
p10,2020-03-12,632.0
p10,2020-03-13,632.0
p10,2020-03-14,632.0
p10,2020-03-15,632.0
p10,2020-03-16,632.0
p10,2020-03-17,632.0
p10,2020-03-18,632.0
p10,2020-03-19,632.0
p10,2020-03-20,632.0
p10,2020-03-21,632.0
p10,2020-03-22,632.0
p10,2020-03-23,632.0
p10,2020-03-24,632.0
p10,2020-03-25,632.0
p10,2020-03-26,632.0
p10,2020-03-27,632.0
p10,2020-03-28,632.0
p10,2020-03-29,632.0
p10,2020-03-30,632.0
p10,2020-03-31,632.0
p11,2019-11-01,632.0
p11,2019-11-02,632.0
p11,2019-11-03,632.0
p11,2019-11-04,632.0
p11,2019-11-05,632.0
p11,2019-11-06,632.0
p11,2019-11-07,632.0
p11,2019-11-08,632.0
p11,2019-11-09,632.0
p11,2019-11-10,632.0
p11,2019-11-11,0.0
p11,2019-11-12,0.0
p11,2019-11-13,0.0
p11,2019-11-14,0.0
p11,2019-11-15,21596.0
p11,2019-11-16,11560.0
p11,2019-11-17,2609.0
p11,2019-11-18,16007.0
p11,2019-11-19,7604.0
p11,2019-11-20,11893.0
p11,2019-11-21,22653.0
p11,2019-11-22,21624.0
p11,2019-11-23,17960.0
p11,2019-11-24,17195.0
p11,2019-11-25,8115.0
p11,2019-11-26,14344.0
p11,2019-11-27,13874.0
p11,2019-11-28,20110.0
p11,2019-11-29,14164.0
p11,2019-11-30,7667.0
p11,2019-12-01,8142.0
p11,2019-12-02,15265.0
p11,2019-12-03,11528.0
p11,2019-12-04,13374.0
p11,2019-12-05,19946.0
p11,2019-12-06,3324.0
p11,2019-12-07,8883.0
p11,2019-12-08,6033.0
p11,2019-12-09,8470.0
p11,2019-12-10,6579.0
p11,2019-12-11,22884.0
p11,2019-12-12,10954.0
p11,2019-12-13,4630.0
p11,2019-12-14,25631.0
p11,2019-12-15,12004.0
p11,2019-12-16,21262.0
p11,2019-12-17,13750.0
p11,2019-12-18,15139.0
p11,2019-12-19,19862.0
p11,2019-12-20,17849.0
p11,2019-12-21,16941.0
p11,2019-12-22,3350.0
p11,2019-12-23,8428.0
p11,2019-12-24,7402.0
p11,2019-12-25,3549.0
p11,2019-12-26,8897.0
p11,2019-12-27,3790.0
p11,2019-12-28,17923.0
p11,2019-12-29,11288.0
p11,2019-12-30,17595.0
p11,2019-12-31,8429.0
p11,2020-01-01,6572.0
p11,2020-01-02,27995.0
p11,2020-01-03,17121.0
p11,2020-01-04,15798.0
p11,2020-01-05,3500.0
p11,2020-01-06,18569.0
p11,2020-01-07,7673.0
p11,2020-01-08,15611.0
p11,2020-01-09,14725.0
p11,2020-01-10,8693.0
p11,2020-01-11,6316.0
p11,2020-01-12,7784.0
p11,2020-01-13,15459.0
p11,2020-01-14,11648.0
p11,2020-01-15,8299.0
p11,2020-01-16,12397.0
p11,2020-01-17,25173.0
p11,2020-01-18,17569.0
p11,2020-01-19,9128.0
p11,2020-01-20,10607.0
p11,2020-01-21,11421.0
p11,2020-01-22,9089.0
p11,2020-01-23,16862.0
p11,2020-01-24,11262.0
p11,2020-01-25,9743.0
p11,2020-01-26,17863.0
p11,2020-01-27,7847.0
p11,2020-01-28,7334.0
p11,2020-01-29,10488.0
p11,2020-01-30,21837.0
p11,2020-01-31,17140.0
p11,2020-02-01,16336.0
p11,2020-02-02,11730.0
p11,2020-02-03,8515.0
p11,2020-02-04,13513.0
p11,2020-02-05,7215.0
p11,2020-02-06,16921.0
p11,2020-02-07,8743.0
p11,2020-02-08,13756.0
p11,2020-02-09,6699.0
p11,2020-02-10,20762.0
p11,2020-02-11,7358.0
p11,2020-02-12,11139.0
p11,2020-02-13,10801.0
p11,2020-02-14,8941.0
p11,2020-02-15,18391.0
p11,2020-02-16,6023.0
p11,2020-02-17,10987.0
p11,2020-02-18,6469.0
p11,2020-02-19,17656.0
p11,2020-02-20,13176.0
p11,2020-02-21,14867.0
p11,2020-02-22,6757.0
p11,2020-02-23,9635.0
p11,2020-02-24,12761.0
p11,2020-02-25,8753.0
p11,2020-02-26,6878.0
p11,2020-02-27,20511.0
p11,2020-02-28,1668.0
p11,2020-02-29,22380.0
p11,2020-03-01,15979.0
p11,2020-03-02,7996.0
p11,2020-03-03,7515.0
p11,2020-03-04,10831.0
p11,2020-03-05,15097.0
p11,2020-03-06,5706.0
p11,2020-03-07,9353.0
p11,2020-03-08,2153.0
p11,2020-03-09,4904.0
p11,2020-03-10,6880.0
p11,2020-03-11,16385.0
p11,2020-03-12,21313.0
p11,2020-03-13,3950.0
p11,2020-03-14,3950.0
p11,2020-03-15,3950.0
p11,2020-03-16,3950.0
p11,2020-03-17,3950.0
p11,2020-03-18,3950.0
p11,2020-03-19,3950.0
p11,2020-03-20,3950.0
p11,2020-03-21,3950.0
p11,2020-03-22,3950.0
p11,2020-03-23,3950.0
p11,2020-03-24,3950.0
p11,2020-03-25,3950.0
p11,2020-03-26,3950.0
p11,2020-03-27,3950.0
p11,2020-03-28,3950.0
p11,2020-03-29,3950.0
p11,2020-03-30,3950.0
p11,2020-03-31,3950.0
p13,2019-11-01,3950.0
p13,2019-11-02,3950.0
p13,2019-11-03,3950.0
p13,2019-11-04,3950.0
p13,2019-11-05,3950.0
p13,2019-11-06,3950.0
p13,2019-11-07,3950.0
p13,2019-11-08,3950.0
p13,2019-11-09,3950.0
p13,2019-11-10,3950.0
p13,2019-11-11,15051.0
p13,2019-11-12,15896.0
p13,2019-11-13,7230.0
p13,2019-11-14,9631.0
p13,2019-11-15,14562.0
p13,2019-11-16,14437.0
p13,2019-11-17,16003.0
p13,2019-11-18,18871.0
p13,2019-11-19,17125.0
p13,2019-11-20,13893.0
p13,2019-11-21,16814.0
p13,2019-11-22,20085.0
p13,2019-11-23,823.0
p13,2019-11-24,21119.0
p13,2019-11-25,17368.0
p13,2019-11-26,20929.0
p13,2019-11-27,24328.0
p13,2019-11-28,22289.0
p13,2019-11-29,9959.0
p13,2019-11-30,22558.0
p13,2019-12-01,22558.0
p13,2019-12-02,22558.0
p13,2019-12-03,22558.0
p13,2019-12-04,22558.0
p13,2019-12-05,22558.0
p13,2019-12-06,22558.0
p13,2019-12-07,22558.0
p13,2019-12-08,22558.0
p13,2019-12-09,6655.0
p13,2019-12-10,11485.0
p13,2019-12-11,5534.0
p13,2019-12-12,10272.0
p13,2019-12-13,16394.0
p13,2019-12-14,15090.0
p13,2019-12-15,19092.0
p13,2019-12-16,8198.0
p13,2019-12-17,8415.0
p13,2019-12-18,9350.0
p13,2019-12-19,22013.0
p13,2019-12-20,25148.0
p13,2019-12-21,17831.0
p13,2019-12-22,13994.0
p13,2019-12-23,12387.0
p13,2019-12-24,12387.0
p13,2019-12-25,12387.0
p13,2019-12-26,12387.0
p13,2019-12-27,4851.0
p13,2019-12-28,9400.0
p13,2019-12-29,805.0
p13,2019-12-30,805.0
p13,2019-12-31,805.0
p13,2020-01-01,1792.0
p13,2020-01-02,16762.0
p13,2020-01-03,3617.0
p13,2020-01-04,1954.0
p13,2020-01-05,3751.0
p13,2020-01-06,13189.0
p13,2020-01-07,13332.0
p13,2020-01-08,8074.0
p13,2020-01-09,7381.0
p13,2020-01-10,8602.0
p13,2020-01-11,7332.0
p13,2020-01-12,0.0
p13,2020-01-13,0.0
p13,2020-01-14,0.0
p13,2020-01-15,0.0
p13,2020-01-16,0.0
p13,2020-01-17,0.0
p13,2020-01-18,0.0
p13,2020-01-19,2097.0
p13,2020-01-20,2097.0
p13,2020-01-21,2097.0
p13,2020-01-22,2097.0
p13,2020-01-23,2097.0
p13,2020-01-24,477.0
p13,2020-01-25,21284.0
p13,2020-01-26,18753.0
p13,2020-01-27,10270.0
p13,2020-01-28,5988.0
p13,2020-01-29,11335.0
p13,2020-01-30,2902.0
p13,2020-01-31,3806.0
p13,2020-02-01,908.0
p13,2020-02-02,10057.0
p13,2020-02-03,11547.0
p13,2020-02-04,6466.0
p13,2020-02-05,6075.0
p13,2020-02-06,6160.0
p13,2020-02-07,6506.0
p13,2020-02-08,40.0
p13,2020-02-09,5347.0
p13,2020-02-10,4724.0
p13,2020-02-11,23.0
p13,2020-02-12,6503.0
p13,2020-02-13,7958.0
p13,2020-02-14,8500.0
p13,2020-02-15,38.0
p13,2020-02-16,4931.0
p13,2020-02-17,3543.0
p13,2020-02-18,8646.0
p13,2020-02-19,12552.0
p13,2020-02-20,12552.0
p13,2020-02-21,12552.0
p13,2020-02-22,12552.0
p13,2020-02-23,12552.0
p13,2020-02-24,12552.0
p13,2020-02-25,12552.0
p13,2020-02-26,12552.0
p13,2020-02-27,12552.0
p13,2020-02-28,12552.0
p13,2020-02-29,12552.0
p13,2020-03-01,12552.0
p13,2020-03-02,12552.0
p13,2020-03-03,12552.0
p13,2020-03-04,12552.0
p13,2020-03-05,12552.0
p13,2020-03-06,12552.0
p13,2020-03-07,12552.0
p13,2020-03-08,12552.0
p13,2020-03-09,12552.0
p13,2020-03-10,12552.0
p13,2020-03-11,12552.0
p13,2020-03-12,12552.0
p13,2020-03-13,12552.0
p13,2020-03-14,12552.0
p13,2020-03-15,12552.0
p13,2020-03-16,12552.0
p13,2020-03-17,12552.0
p13,2020-03-18,12552.0
p13,2020-03-19,12552.0
p13,2020-03-20,7204.0
p13,2020-03-21,867.0
p13,2020-03-22,867.0
p13,2020-03-23,867.0
p13,2020-03-24,867.0
p13,2020-03-25,867.0
p13,2020-03-26,93.0
p13,2020-03-27,93.0
p13,2020-03-28,93.0
p13,2020-03-29,93.0
p13,2020-03-30,93.0
p13,2020-03-31,93.0
p14,2019-11-13,93.0
p14,2019-11-14,8725.0
p14,2019-11-15,16612.0
p14,2019-11-16,6010.0
p14,2019-11-17,8845.0
p14,2019-11-18,10527.0
p14,2019-11-19,16672.0
p14,2019-11-20,9928.0
p14,2019-11-21,6067.0
p14,2019-11-22,1146.0
p14,2019-11-23,17345.0
p14,2019-11-24,23292.0
p14,2019-11-25,5977.0
p14,2019-11-26,9814.0
p14,2019-11-27,10753.0
p14,2019-11-28,11064.0
p14,2019-11-29,514.0
p14,2019-11-30,514.0
p14,2019-12-01,514.0
p14,2019-12-02,16616.0
p14,2019-12-03,10993.0
p14,2019-12-04,11020.0
p14,2019-12-05,7162.0
p14,2019-12-06,13555.0
p14,2019-12-07,12952.0
p14,2019-12-08,1223.0
p14,2019-12-09,9042.0
p14,2019-12-10,17335.0
p14,2019-12-11,10756.0
p14,2019-12-12,9290.0
p14,2019-12-13,17971.0
p14,2019-12-14,54.0
p14,2019-12-15,54.0
p14,2019-12-16,9089.0
p14,2019-12-17,9971.0
p14,2019-12-18,9373.0
p14,2019-12-19,4747.0
p14,2019-12-20,16968.0
p14,2019-12-21,15757.0
p14,2019-12-22,14911.0
p14,2019-12-23,6797.0
p14,2019-12-24,5368.0
p14,2019-12-25,14140.0
p14,2019-12-26,10475.0
p14,2019-12-27,12293.0
p14,2019-12-28,9953.0
p14,2019-12-29,8352.0
p14,2019-12-30,9495.0
p14,2019-12-31,8441.0
p14,2020-01-01,7276.0
p14,2020-01-02,14414.0
p14,2020-01-03,9461.0
p14,2020-01-03,9461.0
p14,2020-01-04,2501.0
p14,2020-01-05,9759.0
p14,2020-01-06,15513.0
p14,2020-01-07,11182.0
p14,2020-01-08,16395.0
p14,2020-01-09,18755.0
p14,2020-01-10,11099.0
p14,2020-01-11,17918.0
p14,2020-01-12,10707.0
p14,2020-01-13,9647.0
p14,2020-01-14,18400.0
p14,2020-01-15,17044.0
p14,2020-01-16,25773.0
p14,2020-01-17,14873.0
p14,2020-01-18,25060.0
p14,2020-01-19,14575.0
p14,2020-01-20,11051.0
p14,2020-01-21,21716.0
p14,2020-01-22,17775.0
p14,2020-01-23,19970.0
p14,2020-01-24,13903.0
p14,2020-01-25,7362.0
p14,2020-01-26,14724.0
p14,2020-01-27,10442.0
p14,2020-01-28,18829.0
p14,2020-01-29,6481.0
p14,2020-01-30,13178.0
p14,2020-01-31,12282.0
p14,2020-02-01,10650.0
p14,2020-02-02,4595.0
p14,2020-02-03,11002.0
p14,2020-02-04,19215.0
p14,2020-02-05,16118.0
p14,2020-02-06,14674.0
p14,2020-02-07,10025.0
p14,2020-02-08,31077.0
p14,2020-02-09,17831.0
p14,2020-02-10,9144.0
p14,2020-02-11,21822.0
p14,2020-02-12,11010.0
p14,2020-02-13,12294.0
p14,2020-02-14,16466.0
p14,2020-02-15,7151.0
p14,2020-02-16,8378.0
p14,2020-02-17,9508.0
p14,2020-02-18,20338.0
p14,2020-02-19,6034.0
p14,2020-02-20,18519.0
p14,2020-02-21,14916.0
p14,2020-02-22,6060.0
p14,2020-02-23,6643.0
p14,2020-02-24,9472.0
p14,2020-02-25,11412.0
p14,2020-02-26,14534.0
p14,2020-02-27,9784.0
p14,2020-02-28,19760.0
p14,2020-02-29,12973.0
p14,2020-03-01,204.0
p14,2020-03-02,204.0
p14,2020-03-03,21941.0
p14,2020-03-04,12857.0
p14,2020-03-05,372.0
p14,2020-03-06,16889.0
p14,2020-03-07,285.0
p14,2020-03-08,30956.0
p14,2020-03-09,19005.0
p14,2020-03-10,11645.0
p14,2020-03-11,9673.0
p14,2020-03-12,237.0
p14,2020-03-13,11953.0
p14,2020-03-14,18203.0
p14,2020-03-15,8218.0
p14,2020-03-16,46.0
p14,2020-03-17,6305.0
p14,2020-03-18,2770.0
p14,2020-03-19,14346.0
p14,2020-03-20,2225.0
p14,2020-03-21,18482.0
p14,2020-03-22,6888.0
p14,2020-03-23,5137.0
p14,2020-03-24,7779.0
p14,2020-03-25,6400.0
p14,2020-03-26,6917.0
p14,2020-03-27,19622.0
p14,2020-03-28,3744.0
p14,2020-03-29,27173.0
p14,2020-03-30,1640.0
p14,2020-03-31,8586.0
p15,2019-11-08,8586.0
p15,2019-11-09,5186.0
p15,2019-11-10,15235.0
p15,2019-11-11,13430.0
p15,2019-11-12,19036.0
p15,2019-11-13,15421.0
p15,2019-11-14,6507.0
p15,2019-11-15,11950.0
p15,2019-11-16,9443.0
p15,2019-11-17,14947.0
p15,2019-11-18,16353.0
p15,2019-11-19,11871.0
p15,2019-11-20,12089.0
p15,2019-11-21,15729.0
p15,2019-11-22,12649.0
p15,2019-11-23,18950.0
p15,2019-11-24,11003.0
p15,2019-11-25,12472.0
p15,2019-11-26,12602.0
p15,2019-11-27,9624.0
p15,2019-11-28,11908.0
p15,2019-11-29,11669.0
p15,2019-11-30,13488.0
p15,2019-12-01,10408.0
p15,2019-12-02,11133.0
p15,2019-12-03,9338.0
p15,2019-12-04,6417.0
p15,2019-12-05,16487.0
p15,2019-12-06,12803.0
p15,2019-12-07,10565.0
p15,2019-12-08,13271.0
p15,2019-12-09,16912.0
p15,2019-12-10,18728.0
p15,2019-12-11,14518.0
p15,2019-12-12,16456.0
p15,2019-12-13,5673.0
p15,2019-12-14,17569.0
p15,2019-12-15,13174.0
p15,2019-12-16,14587.0
p15,2019-12-17,19255.0
p15,2019-12-18,16951.0
p15,2019-12-19,21567.0
p15,2019-12-20,11000.0
p15,2019-12-21,23554.0
p15,2019-12-22,15790.0
p15,2019-12-23,20847.0
p15,2019-12-24,5759.0
p15,2019-12-25,19403.0
p15,2019-12-26,10691.0
p15,2019-12-27,16999.0
p15,2019-12-28,13861.0
p15,2019-12-29,8828.0
p15,2019-12-30,16041.0
p15,2019-12-31,14366.0
p15,2020-01-01,16394.0
p15,2020-01-02,7116.0
p15,2020-01-03,11031.0
p15,2020-01-04,7209.0
p15,2020-01-05,16883.0
p15,2020-01-06,15656.0
p15,2020-01-07,16709.0
p15,2020-01-08,12504.0
p15,2020-01-09,13082.0
p15,2020-01-10,10342.0
p15,2020-01-11,17138.0
p15,2020-01-12,14325.0
p15,2020-01-13,11119.0
p15,2020-01-14,19788.0
p15,2020-01-15,13415.0
p15,2020-01-16,18350.0
p15,2020-01-17,10000.0
p15,2020-01-18,13252.0
p15,2020-01-19,15075.0
p15,2020-01-20,11924.0
p15,2020-01-21,14777.0
p15,2020-01-22,10352.0
p15,2020-01-23,14818.0
p15,2020-01-24,13087.0
p15,2020-01-25,17005.0
p15,2020-01-26,19254.0
p15,2020-01-27,10129.0
p15,2020-01-28,14586.0
p15,2020-01-29,15215.0
p15,2020-01-30,12037.0
p15,2020-01-31,12250.0
p15,2020-02-01,12368.0
p15,2020-02-02,16326.0
p15,2020-02-03,16302.0
p15,2020-02-04,17495.0
p15,2020-02-05,13214.0
p15,2020-02-06,15784.0
p15,2020-02-07,17029.0
p15,2020-02-08,9556.0
p15,2020-02-09,15059.0
p15,2020-02-10,4348.0
p15,2020-02-11,14919.0
p15,2020-02-12,13852.0
p15,2020-02-13,13446.0
p15,2020-02-14,14044.0
p15,2020-02-15,19953.0
p15,2020-02-16,6658.0
p15,2020-02-17,14382.0
p15,2020-02-18,17397.0
p15,2020-02-19,15571.0
p15,2020-02-20,14774.0
p15,2020-02-21,20054.0
p15,2020-02-22,14646.0
p15,2020-02-23,19967.0
p15,2020-02-24,13130.0
p15,2020-02-25,11479.0
p15,2020-02-26,17773.0
p15,2020-02-27,11439.0
p15,2020-02-28,17036.0
p15,2020-02-29,18784.0
p15,2020-03-01,15142.0
p15,2020-03-02,10536.0
p15,2020-03-03,12410.0
p15,2020-03-04,10310.0
p15,2020-03-05,21591.0
p15,2020-03-06,30146.0
p15,2020-03-07,11091.0
p15,2020-03-08,10180.0
p15,2020-03-09,7829.0
p15,2020-03-10,9485.0
p15,2020-03-11,15572.0
p15,2020-03-12,15689.0
p15,2020-03-13,17184.0
p15,2020-03-14,19207.0
p15,2020-03-15,6769.0
p15,2020-03-16,12205.0
p15,2020-03-17,12505.0
p15,2020-03-18,16445.0
p15,2020-03-19,13140.0
p15,2020-03-20,15865.0
p15,2020-03-21,8490.0
p15,2020-03-22,9364.0
p15,2020-03-23,8809.0
p15,2020-03-24,5877.0
p15,2020-03-25,10294.0
p15,2020-03-26,4076.0
p15,2020-03-27,8976.0
p15,2020-03-28,6581.0
p15,2020-03-29,13796.0
p15,2020-03-30,5241.0
p15,2020-03-31,9841.0
p16,2019-11-01,3062.0
p16,2019-11-02,1472.0
p16,2019-11-03,610.0
p16,2019-11-04,2177.0
p16,2019-11-05,1690.0
p16,2019-11-06,597.0
p16,2019-11-07,4588.0
p16,2019-11-08,4786.0
p16,2019-11-09,1709.0
p16,2019-11-10,729.0
p16,2019-11-11,340.0
p16,2019-11-12,4724.0
p16,2019-11-13,1061.0
p16,2019-11-14,4203.0
p16,2019-11-15,4553.0
p16,2019-11-16,2679.0
p16,2019-11-17,1594.0
p16,2019-11-18,1838.0
p16,2019-11-19,1998.0
p16,2019-11-20,1233.0
p16,2019-11-21,5438.0
p16,2019-11-22,4593.0
p16,2019-11-23,2103.0
p16,2019-11-24,1124.0
p16,2019-11-25,847.0
p16,2019-11-26,907.0
p16,2019-11-27,4527.0
p16,2019-11-28,4089.0
p16,2019-11-29,2965.0
p16,2019-11-30,2061.0
p16,2019-12-01,1007.0
p16,2019-12-02,2161.0
p16,2019-12-03,865.0
p16,2019-12-04,2232.0
p16,2019-12-05,2445.0
p16,2019-12-06,1866.0
p16,2019-12-07,487.0
p16,2019-12-08,771.0
p16,2019-12-09,5002.0
p16,2019-12-10,2938.0
p16,2019-12-11,871.0
p16,2019-12-12,1608.0
p16,2019-12-13,2942.0
p16,2019-12-14,2166.0
p16,2019-12-15,558.0
p16,2019-12-16,522.0
p16,2019-12-17,567.0
p16,2019-12-18,7497.0
p16,2019-12-19,2073.0
p16,2019-12-20,3141.0
p16,2019-12-21,866.0
p16,2019-12-22,947.0
p16,2019-12-23,1828.0
p16,2019-12-24,4974.0
p16,2019-12-25,2354.0
p16,2019-12-26,1224.0
p16,2019-12-27,8280.0
p16,2019-12-28,2539.0
p16,2019-12-29,1556.0
p16,2019-12-30,7533.0
p16,2019-12-31,1659.0
p16,2020-01-01,1731.0
p16,2020-01-02,2530.0
p16,2020-01-03,767.0
p16,2020-01-04,1215.0
p16,2020-01-05,696.0
p16,2020-01-06,389.0
p16,2020-01-07,644.0
p16,2020-01-08,1071.0
p16,2020-01-09,614.0
p16,2020-01-10,2089.0
p16,2020-01-11,1609.0
p16,2020-01-12,1249.0
p16,2020-01-13,861.0
p16,2020-01-14,693.0
p16,2020-01-15,827.0
p16,2020-01-16,1205.0
p16,2020-01-17,2789.0
p16,2020-01-18,3036.0
p16,2020-01-19,1129.0
p16,2020-01-20,1975.0
p16,2020-01-21,4620.0
p16,2020-01-22,2130.0
p16,2020-01-23,2218.0
p16,2020-01-24,802.0
p16,2020-01-25,1980.0
p16,2020-01-26,757.0
p16,2020-01-27,2118.0
p16,2020-01-28,954.0
p16,2020-01-29,2126.0
p16,2020-01-30,1017.0
p16,2020-01-31,2570.0
p16,2020-02-01,1217.0
p16,2020-02-02,1372.0
p16,2020-02-03,1063.0
p16,2020-02-04,589.0
p16,2020-02-05,2368.0
p16,2020-02-06,819.0
p16,2020-02-07,2583.0
p16,2020-02-08,855.0
p16,2020-02-09,345.0
p16,2020-02-10,337.0
p16,2020-02-11,1974.0
p16,2020-02-12,1052.0
p16,2020-02-13,1929.0
p16,2020-02-14,2259.0
p16,2020-02-15,755.0
p16,2020-02-16,782.0
p16,2020-02-17,1957.0
p16,2020-02-18,928.0
p16,2020-02-19,1470.0
p16,2020-02-20,1144.0
p16,2020-02-21,654.0
p16,2020-02-22,7433.0
p16,2020-02-23,393.0
p16,2020-02-24,831.0
p16,2020-02-25,961.0
p16,2020-02-26,1369.0
p16,2020-02-27,848.0
p16,2020-02-28,1989.0
p16,2020-02-29,730.0
p16,2020-03-01,806.0
p16,2020-03-02,761.0
p16,2020-03-03,2489.0
p16,2020-03-04,685.0
p16,2020-03-05,748.0
p16,2020-03-06,1995.0
p16,2020-03-07,524.0
p16,2020-03-08,1241.0
p16,2020-03-08,1241.0
p16,2020-03-09,2196.0
p16,2020-03-10,1398.0
p16,2020-03-11,2144.0
p16,2020-03-12,1981.0
p16,2020-03-13,493.0
p16,2020-03-14,334.0
p16,2020-03-15,1219.0
p16,2020-03-16,2410.0
p16,2020-03-17,1263.0
p16,2020-03-18,2194.0
p16,2020-03-19,786.0
p16,2020-03-20,1783.0
p16,2020-03-21,875.0
p16,2020-03-22,720.0
p16,2020-03-23,2049.0
p16,2020-03-24,1179.0
p16,2020-03-25,2353.0
p16,2020-03-26,700.0
p16,2020-03-27,2070.0
p16,2020-03-28,589.0
p16,2020-03-29,1714.0
p16,2020-03-30,1773.0
p16,2020-03-31,777.0
